"Project_name","SiteID","sys_sample_code","chemical_name","sample_date","cas_rn","fraction","result_value","result_unit","method_detection_limit","detection_limit_unit","quantitation_limit","lab_qualifiers","validator_qualifiers","interpreted_qualifiers"
"Finger Lakes RAS 2018","07-AIND-1.6","07-AIND-1.6-08012018-WS","ALKALINITY, TOTAL (AS CaCO3)",2018-08-01 08:45:00,"ALK","T",195,"mg/l",1,"mg/l",2,"","A",""
"Finger Lakes RAS 2018","07-AIND-1.6","07-AIND-1.6-08012018-WS","Aluminum",2018-08-01 08:45:00,"7429-90-5","T",112,"ug/l",2.3,"ug/l",10,"","A",""
"Finger Lakes RAS 2018","07-AIND-1.6","07-AIND-1.6-08012018-WS","Arsenic",2018-08-01 08:45:00,"7440-38-2","T",0.75,"ug/l",0.39,"ug/l",1,"J","J","estimated value due to lab error"
"Finger Lakes RAS 2018","07-AIND-1.6","07-AIND-1.6-08012018-WS","Cadmium",2018-08-01 08:45:00,"7440-43-9","T",NA,"ug/l",0.064,"ug/l",1,"U","U","Analyte was analyzed for but not detected"
"Finger Lakes RAS 2018","07-AIND-1.6","07-AIND-1.6-08012018-WS","Calcium",2018-08-01 08:45:00,"7440-70-2","T",78700,"ug/l",110,"ug/l",1000,"","A",""
"Finger Lakes RAS 2018","07-AIND-1.6","07-AIND-1.6-08012018-WS","CHLORIDE (AS CL)",2018-08-01 08:45:00,"16887-00-6","T",61.6,"mg/l",0.2,"mg/l",2,"","A",""
"Finger Lakes RAS 2018","07-AIND-1.6","07-AIND-1.6-08012018-WS","Copper",2018-08-01 08:45:00,"7440-50-8","T",2.1,"ug/l",0.66,"ug/l",1,"","A",""
"Finger Lakes RAS 2018","07-AIND-1.6","07-AIND-1.6-08012018-WS","HARDNESS (AS CACO3)",2018-08-01 08:45:00,"HARD","T",263,"mg/l",NA,"mg/l",6.62,"","A",""
"Finger Lakes RAS 2018","07-AIND-1.6","07-AIND-1.6-08012018-WS","Iron",2018-08-01 08:45:00,"7439-89-6","T",178,"ug/l",13,"ug/l",100,"","A",""
"Finger Lakes RAS 2018","07-AIND-1.6","07-AIND-1.6-08012018-WS","Lead",2018-08-01 08:45:00,"7439-92-1","T",0.18,"ug/l",0.067,"ug/l",1,"J","J","estimated value due to lab error"
"Finger Lakes RAS 2018","07-AIND-1.6","07-AIND-1.6-08012018-WS","Magnesium",2018-08-01 08:45:00,"7439-95-4","T",16100,"ug/l",29,"ug/l",1000,"","A",""
"Finger Lakes RAS 2018","07-AIND-1.6","07-AIND-1.6-08012018-WS","Nickel",2018-08-01 08:45:00,"7440-02-0","T",1.6,"ug/l",0.26,"ug/l",1,"","A",""
"Finger Lakes RAS 2018","07-AIND-1.6","07-AIND-1.6-08012018-WS","Nitrate+Nitrite as Nitrogen",2018-08-01 08:45:00,"NO3NO2N","T",0.418,"mg/l",7e-04,"mg/l",0.002,"","R","Accuracy error"
"Finger Lakes RAS 2018","07-AIND-1.6","07-AIND-1.6-08012018-WS","Nitrogen",2018-08-01 08:45:00,"KN","T",0.89,"mg/l",NA,"mg/l",0.1,"","A",""
"Finger Lakes RAS 2018","07-AIND-1.6","07-AIND-1.6-08012018-WS","Nitrogen, ammonia (As N)",2018-08-01 08:45:00,"7664-41-7","T",0.0077,"mg/l",8e-04,"mg/l",0.005,"","A",""
"Finger Lakes RAS 2018","07-AIND-1.6","07-AIND-1.6-08012018-WS","NITROGEN, KJELDAHL, TOTAL",2018-08-01 08:45:00,"KN","T",0.48,"mg/l",0.08,"mg/l",0.1,"","A",""
"Finger Lakes RAS 2018","07-AIND-1.6","07-AIND-1.6-08012018-WS","NITROGEN, NITRATE (AS N)",2018-08-01 08:45:00,"14797-55-8","T",0.418,"mg/l",NA,"mg/l",0.01,"","A",""
"Finger Lakes RAS 2018","07-AIND-1.6","07-AIND-1.6-08012018-WS","NITROGEN, NITRITE",2018-08-01 08:45:00,"14797-65-0","T",NA,"mg/l",0.007,"mg/l",0.01,"U","U","Analyte was analyzed for but not detected"
"Finger Lakes RAS 2018","07-AIND-1.6","07-AIND-1.6-08012018-WS","PHOSPHORUS, TOTAL (AS P)",2018-08-01 08:45:00,"7723-14-0","T",0.0329,"mg/l",0.002,"mg/l",0.005,"","A",""
"Finger Lakes RAS 2018","07-AIND-1.6","07-AIND-1.6-08012018-WS","Silver",2018-08-01 08:45:00,"7440-22-4","T",NA,"ug/l",0.039,"ug/l",1,"U","U","Analyte was analyzed for but not detected"
"Finger Lakes RAS 2018","07-AIND-1.6","07-AIND-1.6-08012018-WS","TURBIDITY",2018-08-01 08:45:00,"TURB","T",1.46,"ntu",0.06,"ntu",0.1,"","R","Equipment Blank error"
"Finger Lakes RAS 2018","07-AIND-1.6","07-AIND-1.6-08012018-WS","Zinc",2018-08-01 08:45:00,"7440-66-6","T",NA,"ug/l",2.5,"ug/l",5,"U","U","Analyte was analyzed for but not detected"
"Finger Lakes RAS 2018","07-BSWP-1.3","07-BSWP-1.3-07312018-WS","ALKALINITY, TOTAL (AS CaCO3)",2018-07-31 13:30:00,"ALK","T",69.2,"mg/l",1,"mg/l",2,"","A",""
"Finger Lakes RAS 2018","07-BSWP-1.3","07-BSWP-1.3-07312018-WS","Aluminum",2018-07-31 13:30:00,"7429-90-5","T",53.4,"ug/l",2.3,"ug/l",10,"","A",""
"Finger Lakes RAS 2018","07-BSWP-1.3","07-BSWP-1.3-07312018-WS","Arsenic",2018-07-31 13:30:00,"7440-38-2","T",0.41,"ug/l",0.39,"ug/l",1,"J","J","estimated value due to lab error"
"Finger Lakes RAS 2018","07-BSWP-1.3","07-BSWP-1.3-07312018-WS","Cadmium",2018-07-31 13:30:00,"7440-43-9","T",NA,"ug/l",0.064,"ug/l",1,"U","U","Analyte was analyzed for but not detected"
"Finger Lakes RAS 2018","07-BSWP-1.3","07-BSWP-1.3-07312018-WS","Calcium",2018-07-31 13:30:00,"7440-70-2","T",26200,"ug/l",110,"ug/l",1000,"","A",""
"Finger Lakes RAS 2018","07-BSWP-1.3","07-BSWP-1.3-07312018-WS","CHLORIDE (AS CL)",2018-07-31 13:30:00,"16887-00-6","T",7.1,"mg/l",0.2,"mg/l",2,"","A",""
"Finger Lakes RAS 2018","07-BSWP-1.3","07-BSWP-1.3-07312018-WS","Copper",2018-07-31 13:30:00,"7440-50-8","T",0.72,"ug/l",0.66,"ug/l",1,"J","J","estimated value due to lab error"
"Finger Lakes RAS 2018","07-BSWP-1.3","07-BSWP-1.3-07312018-WS","HARDNESS (AS CACO3)",2018-07-31 13:30:00,"HARD","T",81.1,"mg/l",NA,"mg/l",6.62,"","A",""
"Finger Lakes RAS 2018","07-BSWP-1.3","07-BSWP-1.3-07312018-WS","Iron",2018-07-31 13:30:00,"7439-89-6","T",180,"ug/l",13,"ug/l",100,"","A",""
"Finger Lakes RAS 2018","07-BSWP-1.3","07-BSWP-1.3-07312018-WS","Lead",2018-07-31 13:30:00,"7439-92-1","T",0.16,"ug/l",0.067,"ug/l",1,"J","J","estimated value due to lab error"
"Finger Lakes RAS 2018","07-BSWP-1.3","07-BSWP-1.3-07312018-WS","Magnesium",2018-07-31 13:30:00,"7439-95-4","T",3800,"ug/l",29,"ug/l",1000,"","A",""
"Finger Lakes RAS 2018","07-BSWP-1.3","07-BSWP-1.3-07312018-WS","Nickel",2018-07-31 13:30:00,"7440-02-0","T",0.64,"ug/l",0.26,"ug/l",1,"J","J","estimated value due to lab error"
"Finger Lakes RAS 2018","07-BSWP-1.3","07-BSWP-1.3-07312018-WS","Nitrate+Nitrite as Nitrogen",2018-07-31 13:30:00,"NO3NO2N","T",0.155,"mg/l",7e-04,"mg/l",0.002,"","R","Accuracy error"
"Finger Lakes RAS 2018","07-BSWP-1.3","07-BSWP-1.3-07312018-WS","Nitrogen",2018-07-31 13:30:00,"KN","T",0.79,"mg/l",NA,"mg/l",0.1,"","A",""
"Finger Lakes RAS 2018","07-BSWP-1.3","07-BSWP-1.3-07312018-WS","Nitrogen, ammonia (As N)",2018-07-31 13:30:00,"7664-41-7","T",NA,"mg/l",8e-04,"mg/l",0.005,"U","U","Analyte was analyzed for but not detected"
"Finger Lakes RAS 2018","07-BSWP-1.3","07-BSWP-1.3-07312018-WS","NITROGEN, KJELDAHL, TOTAL",2018-07-31 13:30:00,"KN","T",0.63,"mg/l",0.08,"mg/l",0.1,"","A",""
"Finger Lakes RAS 2018","07-BSWP-1.3","07-BSWP-1.3-07312018-WS","NITROGEN, NITRATE (AS N)",2018-07-31 13:30:00,"14797-55-8","T",0.155,"mg/l",NA,"mg/l",0.01,"","A",""
"Finger Lakes RAS 2018","07-BSWP-1.3","07-BSWP-1.3-07312018-WS","NITROGEN, NITRITE",2018-07-31 13:30:00,"14797-65-0","T",NA,"mg/l",0.007,"mg/l",0.01,"U","U","Analyte was analyzed for but not detected"
"Finger Lakes RAS 2018","07-BSWP-1.3","07-BSWP-1.3-07312018-WS","PHOSPHORUS, TOTAL (AS P)",2018-07-31 13:30:00,"7723-14-0","T",0.0245,"mg/l",0.002,"mg/l",0.005,"","A",""
"Finger Lakes RAS 2018","07-BSWP-1.3","07-BSWP-1.3-07312018-WS","Silver",2018-07-31 13:30:00,"7440-22-4","T",NA,"ug/l",0.039,"ug/l",1,"U","U","Analyte was analyzed for but not detected"
"Finger Lakes RAS 2018","07-BSWP-1.3","07-BSWP-1.3-07312018-WS","TURBIDITY",2018-07-31 13:30:00,"TURB","T",0.71,"ntu",0.06,"ntu",0.1,"","R","Equipment Blank error"
"Finger Lakes RAS 2018","07-BSWP-1.3","07-BSWP-1.3-07312018-WS","Zinc",2018-07-31 13:30:00,"7440-66-6","T",NA,"ug/l",2.5,"ug/l",5,"U","U","Analyte was analyzed for but not detected"
"Finger Lakes RAS 2018","07-CAYG-1.1","07-CAYG-1.1-07312018-WS","ALKALINITY, TOTAL (AS CaCO3)",2018-07-31 17:00:00,"ALK","T",174,"mg/l",1,"mg/l",2,"","A",""
"Finger Lakes RAS 2018","07-CAYG-1.1","07-CAYG-1.1-07312018-WS","Aluminum",2018-07-31 17:00:00,"7429-90-5","T",291,"ug/l",11.5,"ug/l",50,"","A",""
"Finger Lakes RAS 2018","07-CAYG-1.1","07-CAYG-1.1-07312018-WS","Arsenic",2018-07-31 17:00:00,"7440-38-2","T",0.73,"ug/l",0.39,"ug/l",1,"J","J","estimated value due to lab error"
"Finger Lakes RAS 2018","07-CAYG-1.1","07-CAYG-1.1-07312018-WS","Cadmium",2018-07-31 17:00:00,"7440-43-9","T",NA,"ug/l",0.064,"ug/l",1,"U","U","Analyte was analyzed for but not detected"
"Finger Lakes RAS 2018","07-CAYG-1.1","07-CAYG-1.1-07312018-WS","Calcium",2018-07-31 17:00:00,"7440-70-2","T",62300,"ug/l",110,"ug/l",1000,"","A",""
"Finger Lakes RAS 2018","07-CAYG-1.1","07-CAYG-1.1-07312018-WS","CHLORIDE (AS CL)",2018-07-31 17:00:00,"16887-00-6","T",43.7,"mg/l",0.2,"mg/l",2,"","A",""
"Finger Lakes RAS 2018","07-CAYG-1.1","07-CAYG-1.1-07312018-WS","Copper",2018-07-31 17:00:00,"7440-50-8","T",1.7,"ug/l",0.66,"ug/l",1,"","A",""
"Finger Lakes RAS 2018","07-CAYG-1.1","07-CAYG-1.1-07312018-WS","HARDNESS (AS CACO3)",2018-07-31 17:00:00,"HARD","T",208,"mg/l",NA,"mg/l",6.62,"","A",""
"Finger Lakes RAS 2018","07-CAYG-1.1","07-CAYG-1.1-07312018-WS","Iron",2018-07-31 17:00:00,"7439-89-6","T",525,"ug/l",13,"ug/l",100,"","A",""
"Finger Lakes RAS 2018","07-CAYG-1.1","07-CAYG-1.1-07312018-WS","Lead",2018-07-31 17:00:00,"7439-92-1","T",0.48,"ug/l",0.067,"ug/l",1,"J","J","estimated value due to lab error"
"Finger Lakes RAS 2018","07-CAYG-1.1","07-CAYG-1.1-07312018-WS","Magnesium",2018-07-31 17:00:00,"7439-95-4","T",12800,"ug/l",29,"ug/l",1000,"","A",""
"Finger Lakes RAS 2018","07-CAYG-1.1","07-CAYG-1.1-07312018-WS","Nickel",2018-07-31 17:00:00,"7440-02-0","T",1.3,"ug/l",0.26,"ug/l",1,"","A",""
"Finger Lakes RAS 2018","07-CAYG-1.1","07-CAYG-1.1-07312018-WS","Nitrate+Nitrite as Nitrogen",2018-07-31 17:00:00,"NO3NO2N","T",0.197,"mg/l",7e-04,"mg/l",0.002,"","R","Accuracy error"
"Finger Lakes RAS 2018","07-CAYG-1.1","07-CAYG-1.1-07312018-WS","Nitrogen",2018-07-31 17:00:00,"KN","T",0.46,"mg/l",NA,"mg/l",0.1,"","A",""
"Finger Lakes RAS 2018","07-CAYG-1.1","07-CAYG-1.1-07312018-WS","Nitrogen, ammonia (As N)",2018-07-31 17:00:00,"7664-41-7","T",NA,"mg/l",8e-04,"mg/l",0.005,"U","U","Analyte was analyzed for but not detected"
"Finger Lakes RAS 2018","07-CAYG-1.1","07-CAYG-1.1-07312018-WS","NITROGEN, KJELDAHL, TOTAL",2018-07-31 17:00:00,"KN","T",0.27,"mg/l",0.08,"mg/l",0.1,"","A",""
"Finger Lakes RAS 2018","07-CAYG-1.1","07-CAYG-1.1-07312018-WS","NITROGEN, NITRATE (AS N)",2018-07-31 17:00:00,"14797-55-8","T",0.197,"mg/l",NA,"mg/l",0.01,"","A",""
"Finger Lakes RAS 2018","07-CAYG-1.1","07-CAYG-1.1-07312018-WS","NITROGEN, NITRITE",2018-07-31 17:00:00,"14797-65-0","T",NA,"mg/l",0.007,"mg/l",0.01,"U","U","Analyte was analyzed for but not detected"
"Finger Lakes RAS 2018","07-CAYG-1.1","07-CAYG-1.1-07312018-WS","PHOSPHORUS, TOTAL (AS P)",2018-07-31 17:00:00,"7723-14-0","T",0.0218,"mg/l",0.002,"mg/l",0.005,"","A",""
"Finger Lakes RAS 2018","07-CAYG-1.1","07-CAYG-1.1-07312018-WS","Silver",2018-07-31 17:00:00,"7440-22-4","T",NA,"ug/l",0.039,"ug/l",1,"U","U","Analyte was analyzed for but not detected"
"Finger Lakes RAS 2018","07-CAYG-1.1","07-CAYG-1.1-07312018-WS","TURBIDITY",2018-07-31 17:00:00,"TURB","T",2.63,"ntu",0.06,"ntu",0.1,"","J","estimated value due to Equipment Blank error"
"Finger Lakes RAS 2018","07-CAYG-1.1","07-CAYG-1.1-07312018-WS","Zinc",2018-07-31 17:00:00,"7440-66-6","T",2.6,"ug/l",2.5,"ug/l",5,"J","J","estimated value due to lab error"
"Finger Lakes RAS 2018","07-GROU-1.5","07-GROU-1.5-07312018-WS","ALKALINITY, TOTAL (AS CaCO3)",2018-07-31 15:00:00,"ALK","T",166,"mg/l",1,"mg/l",2,"","A",""
"Finger Lakes RAS 2018","07-GROU-1.5","07-GROU-1.5-07312018-WS","Aluminum",2018-07-31 15:00:00,"7429-90-5","T",23.2,"ug/l",2.3,"ug/l",10,"","A",""
"Finger Lakes RAS 2018","07-GROU-1.5","07-GROU-1.5-07312018-WS","Arsenic",2018-07-31 15:00:00,"7440-38-2","T",0.67,"ug/l",0.39,"ug/l",1,"J","J","estimated value due to lab error"
"Finger Lakes RAS 2018","07-GROU-1.5","07-GROU-1.5-07312018-WS","Cadmium",2018-07-31 15:00:00,"7440-43-9","T",NA,"ug/l",0.064,"ug/l",1,"U","U","Analyte was analyzed for but not detected"
"Finger Lakes RAS 2018","07-GROU-1.5","07-GROU-1.5-07312018-WS","Calcium",2018-07-31 15:00:00,"7440-70-2","T",58800,"ug/l",110,"ug/l",1000,"","A",""
"Finger Lakes RAS 2018","07-GROU-1.5","07-GROU-1.5-07312018-WS","CHLORIDE (AS CL)",2018-07-31 15:00:00,"16887-00-6","T",16.6,"mg/l",0.2,"mg/l",2,"","A",""
"Finger Lakes RAS 2018","07-GROU-1.5","07-GROU-1.5-07312018-WS","Copper",2018-07-31 15:00:00,"7440-50-8","T",NA,"ug/l",0.66,"ug/l",1,"U","U","Analyte was analyzed for but not detected"
"Finger Lakes RAS 2018","07-GROU-1.5","07-GROU-1.5-07312018-WS","HARDNESS (AS CACO3)",2018-07-31 15:00:00,"HARD","T",206,"mg/l",NA,"mg/l",6.62,"","A",""
"Finger Lakes RAS 2018","07-GROU-1.5","07-GROU-1.5-07312018-WS","Iron",2018-07-31 15:00:00,"7439-89-6","T",41.6,"ug/l",13,"ug/l",100,"J","J","estimated value due to lab error"
"Finger Lakes RAS 2018","07-GROU-1.5","07-GROU-1.5-07312018-WS","Lead",2018-07-31 15:00:00,"7439-92-1","T",0.071,"ug/l",0.067,"ug/l",1,"J","J","estimated value due to lab error"
"Finger Lakes RAS 2018","07-GROU-1.5","07-GROU-1.5-07312018-WS","Magnesium",2018-07-31 15:00:00,"7439-95-4","T",14400,"ug/l",29,"ug/l",1000,"","A",""
"Finger Lakes RAS 2018","07-GROU-1.5","07-GROU-1.5-07312018-WS","Nickel",2018-07-31 15:00:00,"7440-02-0","T",0.67,"ug/l",0.26,"ug/l",1,"J","J","estimated value due to lab error"
"Finger Lakes RAS 2018","07-GROU-1.5","07-GROU-1.5-07312018-WS","Nitrate+Nitrite as Nitrogen",2018-07-31 15:00:00,"NO3NO2N","T",1.51,"mg/l",7e-04,"mg/l",0.002,"","R","Accuracy error"
"Finger Lakes RAS 2018","07-GROU-1.5","07-GROU-1.5-07312018-WS","Nitrogen",2018-07-31 15:00:00,"KN","T",1.76,"mg/l",NA,"mg/l",0.1,"","A",""
"Finger Lakes RAS 2018","07-GROU-1.5","07-GROU-1.5-07312018-WS","Nitrogen, ammonia (As N)",2018-07-31 15:00:00,"7664-41-7","T",NA,"mg/l",8e-04,"mg/l",0.005,"U","U","Analyte was analyzed for but not detected"
"Finger Lakes RAS 2018","07-GROU-1.5","07-GROU-1.5-07312018-WS","NITROGEN, KJELDAHL, TOTAL",2018-07-31 15:00:00,"KN","T",0.25,"mg/l",0.08,"mg/l",0.1,"","A",""
"Finger Lakes RAS 2018","07-GROU-1.5","07-GROU-1.5-07312018-WS","NITROGEN, NITRATE (AS N)",2018-07-31 15:00:00,"14797-55-8","T",1.51,"mg/l",NA,"mg/l",0.01,"","A",""
"Finger Lakes RAS 2018","07-GROU-1.5","07-GROU-1.5-07312018-WS","NITROGEN, NITRITE",2018-07-31 15:00:00,"14797-65-0","T",NA,"mg/l",0.007,"mg/l",0.01,"U","U","Analyte was analyzed for but not detected"
"Finger Lakes RAS 2018","07-GROU-1.5","07-GROU-1.5-07312018-WS","PHOSPHORUS, TOTAL (AS P)",2018-07-31 15:00:00,"7723-14-0","T",0.0079,"mg/l",0.002,"mg/l",0.005,"","A",""
"Finger Lakes RAS 2018","07-GROU-1.5","07-GROU-1.5-07312018-WS","Silver",2018-07-31 15:00:00,"7440-22-4","T",NA,"ug/l",0.039,"ug/l",1,"U","U","Analyte was analyzed for but not detected"
"Finger Lakes RAS 2018","07-GROU-1.5","07-GROU-1.5-07312018-WS","TURBIDITY",2018-07-31 15:00:00,"TURB","T",0.42,"ntu",0.06,"ntu",0.1,"","R","Equipment Blank error"
"Finger Lakes RAS 2018","07-GROU-1.5","07-GROU-1.5-07312018-WS","Zinc",2018-07-31 15:00:00,"7440-66-6","T",NA,"ug/l",2.5,"ug/l",5,"U","U","Analyte was analyzed for but not detected"
"Finger Lakes RAS 2018","07-JACB-1.9","07-JACB-1.9-08022018-WS","ALKALINITY, TOTAL (AS CaCO3)",2018-08-02 09:45:00,"ALK","T",269,"mg/l",1,"mg/l",2,"","A",""
"Finger Lakes RAS 2018","07-JACB-1.9","07-JACB-1.9-08022018-WS","Aluminum",2018-08-02 09:45:00,"7429-90-5","T",178,"ug/l",2.3,"ug/l",10,"","A",""
"Finger Lakes RAS 2018","07-JACB-1.9","07-JACB-1.9-08022018-WS","Arsenic",2018-08-02 09:45:00,"7440-38-2","T",0.75,"ug/l",0.39,"ug/l",1,"J","J","estimated value due to lab error"
"Finger Lakes RAS 2018","07-JACB-1.9","07-JACB-1.9-08022018-WS","Cadmium",2018-08-02 09:45:00,"7440-43-9","T",NA,"ug/l",0.064,"ug/l",1,"U","U","Analyte was analyzed for but not detected"
"Finger Lakes RAS 2018","07-JACB-1.9","07-JACB-1.9-08022018-WS","Calcium",2018-08-02 09:45:00,"7440-70-2","T",99700,"ug/l",110,"ug/l",1000,"","A",""
"Finger Lakes RAS 2018","07-JACB-1.9","07-JACB-1.9-08022018-WS","CHLORIDE (AS CL)",2018-08-02 09:45:00,"16887-00-6","T",53.9,"mg/l",0.2,"mg/l",2,"","A",""
"Finger Lakes RAS 2018","07-JACB-1.9","07-JACB-1.9-08022018-WS","Copper",2018-08-02 09:45:00,"7440-50-8","T",1,"ug/l",0.66,"ug/l",1,"","A",""
"Finger Lakes RAS 2018","07-JACB-1.9","07-JACB-1.9-08022018-WS","HARDNESS (AS CACO3)",2018-08-02 09:45:00,"HARD","T",366,"mg/l",NA,"mg/l",6.62,"","A",""
"Finger Lakes RAS 2018","07-JACB-1.9","07-JACB-1.9-08022018-WS","Iron",2018-08-02 09:45:00,"7439-89-6","T",405,"ug/l",13,"ug/l",100,"","A",""
"Finger Lakes RAS 2018","07-JACB-1.9","07-JACB-1.9-08022018-WS","Lead",2018-08-02 09:45:00,"7439-92-1","T",0.42,"ug/l",0.067,"ug/l",1,"J","J","estimated value due to lab error"
"Finger Lakes RAS 2018","07-JACB-1.9","07-JACB-1.9-08022018-WS","Magnesium",2018-08-02 09:45:00,"7439-95-4","T",28300,"ug/l",29,"ug/l",1000,"","A",""
"Finger Lakes RAS 2018","07-JACB-1.9","07-JACB-1.9-08022018-WS","Nickel",2018-08-02 09:45:00,"7440-02-0","T",1.5,"ug/l",0.26,"ug/l",1,"","A",""
"Finger Lakes RAS 2018","07-JACB-1.9","07-JACB-1.9-08022018-WS","Nitrate+Nitrite as Nitrogen",2018-08-02 09:45:00,"NO3NO2N","T",1.63,"mg/l",7e-04,"mg/l",0.002,"","A",""
"Finger Lakes RAS 2018","07-JACB-1.9","07-JACB-1.9-08022018-WS","Nitrogen",2018-08-02 09:45:00,"KN","T",2.1,"mg/l",NA,"mg/l",0.1,"","A",""
"Finger Lakes RAS 2018","07-JACB-1.9","07-JACB-1.9-08022018-WS","Nitrogen, ammonia (As N)",2018-08-02 09:45:00,"7664-41-7","T",0.016,"mg/l",8e-04,"mg/l",0.005,"","A",""
"Finger Lakes RAS 2018","07-JACB-1.9","07-JACB-1.9-08022018-WS","NITROGEN, KJELDAHL, TOTAL",2018-08-02 09:45:00,"KN","T",0.47,"mg/l",0.08,"mg/l",0.1,"","A",""
"Finger Lakes RAS 2018","07-JACB-1.9","07-JACB-1.9-08022018-WS","NITROGEN, NITRATE (AS N)",2018-08-02 09:45:00,"14797-55-8","T",1.62,"mg/l",NA,"mg/l",0.01,"","A",""
"Finger Lakes RAS 2018","07-JACB-1.9","07-JACB-1.9-08022018-WS","NITROGEN, NITRITE",2018-08-02 09:45:00,"14797-65-0","T",0.015,"mg/l",0.007,"mg/l",0.01,"","A",""
"Finger Lakes RAS 2018","07-JACB-1.9","07-JACB-1.9-08022018-WS","PHOSPHORUS, TOTAL (AS P)",2018-08-02 09:45:00,"7723-14-0","T",0.0428,"mg/l",0.002,"mg/l",0.005,"","A",""
"Finger Lakes RAS 2018","07-JACB-1.9","07-JACB-1.9-08022018-WS","Silver",2018-08-02 09:45:00,"7440-22-4","T",NA,"ug/l",0.039,"ug/l",1,"U","U","Analyte was analyzed for but not detected"
"Finger Lakes RAS 2018","07-JACB-1.9","07-JACB-1.9-08022018-WS","TURBIDITY",2018-08-02 09:45:00,"TURB","T",2.18,"ntu",0.06,"ntu",0.1,"","T",""
"Finger Lakes RAS 2018","07-JACB-1.9","07-JACB-1.9-08022018-WS","Zinc",2018-08-02 09:45:00,"7440-66-6","T",NA,"ug/l",2.5,"ug/l",5,"UN","R","lab error ; Accuracy error"
"Finger Lakes RAS 2018","07-KDIG-10.4","07-KDIG-10.4-08012018-WS","ALKALINITY, TOTAL (AS CaCO3)",2018-08-01 10:30:00,"ALK","T",248,"mg/l",1,"mg/l",2,"","A",""
"Finger Lakes RAS 2018","07-KDIG-10.4","07-KDIG-10.4-08012018-WS","Aluminum",2018-08-01 10:30:00,"7429-90-5","T",906,"ug/l",115,"ug/l",500,"","A",""
"Finger Lakes RAS 2018","07-KDIG-10.4","07-KDIG-10.4-08012018-WS","Arsenic",2018-08-01 10:30:00,"7440-38-2","T",2.4,"ug/l",0.39,"ug/l",1,"","A",""
"Finger Lakes RAS 2018","07-KDIG-10.4","07-KDIG-10.4-08012018-WS","Cadmium",2018-08-01 10:30:00,"7440-43-9","T",NA,"ug/l",0.064,"ug/l",1,"U","U","Analyte was analyzed for but not detected"
"Finger Lakes RAS 2018","07-KDIG-10.4","07-KDIG-10.4-08012018-WS","Calcium",2018-08-01 10:30:00,"7440-70-2","T",93000,"ug/l",110,"ug/l",1000,"","A",""
"Finger Lakes RAS 2018","07-KDIG-10.4","07-KDIG-10.4-08012018-WS","CHLORIDE (AS CL)",2018-08-01 10:30:00,"16887-00-6","T",18.5,"mg/l",0.2,"mg/l",2,"","A",""
"Finger Lakes RAS 2018","07-KDIG-10.4","07-KDIG-10.4-08012018-WS","Copper",2018-08-01 10:30:00,"7440-50-8","T",1.6,"ug/l",0.66,"ug/l",1,"","A",""
"Finger Lakes RAS 2018","07-KDIG-10.4","07-KDIG-10.4-08012018-WS","HARDNESS (AS CACO3)",2018-08-01 10:30:00,"HARD","T",313,"mg/l",NA,"mg/l",6.62,"","A",""
"Finger Lakes RAS 2018","07-KDIG-10.4","07-KDIG-10.4-08012018-WS","Iron",2018-08-01 10:30:00,"7439-89-6","T",1620,"ug/l",13,"ug/l",100,"","A",""
"Finger Lakes RAS 2018","07-KDIG-10.4","07-KDIG-10.4-08012018-WS","Lead",2018-08-01 10:30:00,"7439-92-1","T",1.3,"ug/l",0.067,"ug/l",1,"","A",""
"Finger Lakes RAS 2018","07-KDIG-10.4","07-KDIG-10.4-08012018-WS","Magnesium",2018-08-01 10:30:00,"7439-95-4","T",19700,"ug/l",29,"ug/l",1000,"","A",""
"Finger Lakes RAS 2018","07-KDIG-10.4","07-KDIG-10.4-08012018-WS","Nickel",2018-08-01 10:30:00,"7440-02-0","T",3.3,"ug/l",0.26,"ug/l",1,"","A",""
"Finger Lakes RAS 2018","07-KDIG-10.4","07-KDIG-10.4-08012018-WS","Nitrate+Nitrite as Nitrogen",2018-08-01 10:30:00,"NO3NO2N","T",0.181,"mg/l",7e-04,"mg/l",0.002,"","R","Accuracy error"
"Finger Lakes RAS 2018","07-KDIG-10.4","07-KDIG-10.4-08012018-WS","Nitrogen",2018-08-01 10:30:00,"KN","T",1.23,"mg/l",NA,"mg/l",0.1,"","A",""
"Finger Lakes RAS 2018","07-KDIG-10.4","07-KDIG-10.4-08012018-WS","Nitrogen, ammonia (As N)",2018-08-01 10:30:00,"7664-41-7","T",0.08,"mg/l",8e-04,"mg/l",0.005,"","A",""
"Finger Lakes RAS 2018","07-KDIG-10.4","07-KDIG-10.4-08012018-WS","NITROGEN, KJELDAHL, TOTAL",2018-08-01 10:30:00,"KN","T",1.05,"mg/l",0.08,"mg/l",0.1,"","A",""
"Finger Lakes RAS 2018","07-KDIG-10.4","07-KDIG-10.4-08012018-WS","NITROGEN, NITRATE (AS N)",2018-08-01 10:30:00,"14797-55-8","T",0.076,"mg/l",NA,"mg/l",0.01,"","A",""
"Finger Lakes RAS 2018","07-KDIG-10.4","07-KDIG-10.4-08012018-WS","NITROGEN, NITRITE",2018-08-01 10:30:00,"14797-65-0","T",0.105,"mg/l",0.007,"mg/l",0.01,"","A",""
"Finger Lakes RAS 2018","07-KDIG-10.4","07-KDIG-10.4-08012018-WS","PHOSPHORUS, TOTAL (AS P)",2018-08-01 10:30:00,"7723-14-0","T",0.176,"mg/l",0.01,"mg/l",0.025,"","A",""
"Finger Lakes RAS 2018","07-KDIG-10.4","07-KDIG-10.4-08012018-WS","Silver",2018-08-01 10:30:00,"7440-22-4","T",NA,"ug/l",0.039,"ug/l",1,"U","U","Analyte was analyzed for but not detected"
"Finger Lakes RAS 2018","07-KDIG-10.4","07-KDIG-10.4-08012018-WS","TURBIDITY",2018-08-01 10:30:00,"TURB","T",10.3,"ntu",0.06,"ntu",0.1,"","A",""
"Finger Lakes RAS 2018","07-KDIG-10.4","07-KDIG-10.4-08012018-WS","Zinc",2018-08-01 10:30:00,"7440-66-6","T",8.2,"ug/l",2.5,"ug/l",5,"","A",""
"Finger Lakes RAS 2018","07-KEUK-0.3","07-KEUK-0.3-08012018-WS","ALKALINITY, TOTAL (AS CaCO3)",2018-08-01 12:30:00,"ALK","T",164,"mg/l",1,"mg/l",2,"","A",""
"Finger Lakes RAS 2018","07-KEUK-0.3","07-KEUK-0.3-08012018-WS","Aluminum",2018-08-01 12:30:00,"7429-90-5","T",70.5,"ug/l",2.3,"ug/l",10,"","A",""
"Finger Lakes RAS 2018","07-KEUK-0.3","07-KEUK-0.3-08012018-WS","Arsenic",2018-08-01 12:30:00,"7440-38-2","T",1,"ug/l",0.39,"ug/l",1,"","A",""
"Finger Lakes RAS 2018","07-KEUK-0.3","07-KEUK-0.3-08012018-WS","Cadmium",2018-08-01 12:30:00,"7440-43-9","T",NA,"ug/l",0.064,"ug/l",1,"U","U","Analyte was analyzed for but not detected"
"Finger Lakes RAS 2018","07-KEUK-0.3","07-KEUK-0.3-08012018-WS","Calcium",2018-08-01 12:30:00,"7440-70-2","T",42300,"ug/l",110,"ug/l",1000,"","A",""
"Finger Lakes RAS 2018","07-KEUK-0.3","07-KEUK-0.3-08012018-WS","CHLORIDE (AS CL)",2018-08-01 12:30:00,"16887-00-6","T",57.3,"mg/l",0.2,"mg/l",2,"","A",""
"Finger Lakes RAS 2018","07-KEUK-0.3","07-KEUK-0.3-08012018-WS","Copper",2018-08-01 12:30:00,"7440-50-8","T",3,"ug/l",0.66,"ug/l",1,"","A",""
"Finger Lakes RAS 2018","07-KEUK-0.3","07-KEUK-0.3-08012018-WS","HARDNESS (AS CACO3)",2018-08-01 12:30:00,"HARD","T",157,"mg/l",NA,"mg/l",6.62,"","A",""
"Finger Lakes RAS 2018","07-KEUK-0.3","07-KEUK-0.3-08012018-WS","Iron",2018-08-01 12:30:00,"7439-89-6","T",125,"ug/l",13,"ug/l",100,"","A",""
"Finger Lakes RAS 2018","07-KEUK-0.3","07-KEUK-0.3-08012018-WS","Lead",2018-08-01 12:30:00,"7439-92-1","T",0.61,"ug/l",0.067,"ug/l",1,"J","J","estimated value due to lab error"
"Finger Lakes RAS 2018","07-KEUK-0.3","07-KEUK-0.3-08012018-WS","Magnesium",2018-08-01 12:30:00,"7439-95-4","T",12500,"ug/l",29,"ug/l",1000,"","A",""
"Finger Lakes RAS 2018","07-KEUK-0.3","07-KEUK-0.3-08012018-WS","Nickel",2018-08-01 12:30:00,"7440-02-0","T",1.2,"ug/l",0.26,"ug/l",1,"","A",""
"Finger Lakes RAS 2018","07-KEUK-0.3","07-KEUK-0.3-08012018-WS","Nitrate+Nitrite as Nitrogen",2018-08-01 12:30:00,"NO3NO2N","T",0.929,"mg/l",7e-04,"mg/l",0.002,"","A",""
"Finger Lakes RAS 2018","07-KEUK-0.3","07-KEUK-0.3-08012018-WS","Nitrogen",2018-08-01 12:30:00,"KN","T",1.38,"mg/l",NA,"mg/l",0.1,"","A",""
"Finger Lakes RAS 2018","07-KEUK-0.3","07-KEUK-0.3-08012018-WS","Nitrogen, ammonia (As N)",2018-08-01 12:30:00,"7664-41-7","T",0.0181,"mg/l",8e-04,"mg/l",0.005,"","A",""
"Finger Lakes RAS 2018","07-KEUK-0.3","07-KEUK-0.3-08012018-WS","NITROGEN, KJELDAHL, TOTAL",2018-08-01 12:30:00,"KN","T",0.45,"mg/l",0.08,"mg/l",0.1,"","A",""
"Finger Lakes RAS 2018","07-KEUK-0.3","07-KEUK-0.3-08012018-WS","NITROGEN, NITRATE (AS N)",2018-08-01 12:30:00,"14797-55-8","T",0.896,"mg/l",NA,"mg/l",0.01,"","A",""
"Finger Lakes RAS 2018","07-KEUK-0.3","07-KEUK-0.3-08012018-WS","NITROGEN, NITRITE",2018-08-01 12:30:00,"14797-65-0","T",0.033,"mg/l",0.007,"mg/l",0.01,"","A",""
"Finger Lakes RAS 2018","07-KEUK-0.3","07-KEUK-0.3-08012018-WS","PHOSPHORUS, TOTAL (AS P)",2018-08-01 12:30:00,"7723-14-0","T",0.0233,"mg/l",0.002,"mg/l",0.005,"","A",""
"Finger Lakes RAS 2018","07-KEUK-0.3","07-KEUK-0.3-08012018-WS","Silver",2018-08-01 12:30:00,"7440-22-4","T",NA,"ug/l",0.039,"ug/l",1,"U","U","Analyte was analyzed for but not detected"
"Finger Lakes RAS 2018","07-KEUK-0.3","07-KEUK-0.3-08012018-WS","TURBIDITY",2018-08-01 12:30:00,"TURB","T",1.43,"ntu",0.06,"ntu",0.1,"","R","Equipment Blank error"
"Finger Lakes RAS 2018","07-KEUK-0.3","07-KEUK-0.3-08012018-WS","Zinc",2018-08-01 12:30:00,"7440-66-6","T",3.2,"ug/l",2.5,"ug/l",5,"J","R","estimated value due to lab error ; Accuracy error"
"Finger Lakes RAS 2018","07-KEUK-1.5","07-KEUK-1.5-08012018-WS","ALKALINITY, TOTAL (AS CaCO3)",2018-08-01 13:30:00,"ALK","T",116,"mg/l",1,"mg/l",2,"","A",""
"Finger Lakes RAS 2018","07-KEUK-1.5","07-KEUK-1.5-08012018-WS","Aluminum",2018-08-01 13:30:00,"7429-90-5","T",68.5,"ug/l",2.3,"ug/l",10,"","A",""
"Finger Lakes RAS 2018","07-KEUK-1.5","07-KEUK-1.5-08012018-WS","Arsenic",2018-08-01 13:30:00,"7440-38-2","T",0.89,"ug/l",0.39,"ug/l",1,"J","J","estimated value due to lab error"
"Finger Lakes RAS 2018","07-KEUK-1.5","07-KEUK-1.5-08012018-WS","Cadmium",2018-08-01 13:30:00,"7440-43-9","T",NA,"ug/l",0.064,"ug/l",1,"U","U","Analyte was analyzed for but not detected"
"Finger Lakes RAS 2018","07-KEUK-1.5","07-KEUK-1.5-08012018-WS","Calcium",2018-08-01 13:30:00,"7440-70-2","T",40000,"ug/l",110,"ug/l",1000,"","A",""
"Finger Lakes RAS 2018","07-KEUK-1.5","07-KEUK-1.5-08012018-WS","CHLORIDE (AS CL)",2018-08-01 13:30:00,"16887-00-6","T",46.8,"mg/l",0.2,"mg/l",2,"","A",""
"Finger Lakes RAS 2018","07-KEUK-1.5","07-KEUK-1.5-08012018-WS","Copper",2018-08-01 13:30:00,"7440-50-8","T",2.8,"ug/l",0.66,"ug/l",1,"","A",""
"Finger Lakes RAS 2018","07-KEUK-1.5","07-KEUK-1.5-08012018-WS","HARDNESS (AS CACO3)",2018-08-01 13:30:00,"HARD","T",150,"mg/l",NA,"mg/l",6.62,"","A",""
"Finger Lakes RAS 2018","07-KEUK-1.5","07-KEUK-1.5-08012018-WS","Iron",2018-08-01 13:30:00,"7439-89-6","T",130,"ug/l",13,"ug/l",100,"","A",""
"Finger Lakes RAS 2018","07-KEUK-1.5","07-KEUK-1.5-08012018-WS","Lead",2018-08-01 13:30:00,"7439-92-1","T",0.66,"ug/l",0.067,"ug/l",1,"J","J","estimated value due to lab error"
"Finger Lakes RAS 2018","07-KEUK-1.5","07-KEUK-1.5-08012018-WS","Magnesium",2018-08-01 13:30:00,"7439-95-4","T",12200,"ug/l",29,"ug/l",1000,"","A",""
"Finger Lakes RAS 2018","07-KEUK-1.5","07-KEUK-1.5-08012018-WS","Nickel",2018-08-01 13:30:00,"7440-02-0","T",0.9,"ug/l",0.26,"ug/l",1,"J","J","estimated value due to lab error"
"Finger Lakes RAS 2018","07-KEUK-1.5","07-KEUK-1.5-08012018-WS","Nitrate+Nitrite as Nitrogen",2018-08-01 13:30:00,"NO3NO2N","T",0.875,"mg/l",7e-04,"mg/l",0.002,"","A",""
"Finger Lakes RAS 2018","07-KEUK-1.5","07-KEUK-1.5-08012018-WS","Nitrogen",2018-08-01 13:30:00,"KN","T",1.38,"mg/l",NA,"mg/l",0.1,"","A",""
"Finger Lakes RAS 2018","07-KEUK-1.5","07-KEUK-1.5-08012018-WS","Nitrogen, ammonia (As N)",2018-08-01 13:30:00,"7664-41-7","T",0.0139,"mg/l",8e-04,"mg/l",0.005,"","A",""
"Finger Lakes RAS 2018","07-KEUK-1.5","07-KEUK-1.5-08012018-WS","NITROGEN, KJELDAHL, TOTAL",2018-08-01 13:30:00,"KN","T",0.51,"mg/l",0.08,"mg/l",0.1,"","A",""
"Finger Lakes RAS 2018","07-KEUK-1.5","07-KEUK-1.5-08012018-WS","NITROGEN, NITRATE (AS N)",2018-08-01 13:30:00,"14797-55-8","T",0.843,"mg/l",NA,"mg/l",0.01,"","A",""
"Finger Lakes RAS 2018","07-KEUK-1.5","07-KEUK-1.5-08012018-WS","NITROGEN, NITRITE",2018-08-01 13:30:00,"14797-65-0","T",0.032,"mg/l",0.007,"mg/l",0.01,"","A",""
"Finger Lakes RAS 2018","07-KEUK-1.5","07-KEUK-1.5-08012018-WS","PHOSPHORUS, TOTAL (AS P)",2018-08-01 13:30:00,"7723-14-0","T",0.0216,"mg/l",0.002,"mg/l",0.005,"","A",""
"Finger Lakes RAS 2018","07-KEUK-1.5","07-KEUK-1.5-08012018-WS","Silver",2018-08-01 13:30:00,"7440-22-4","T",NA,"ug/l",0.039,"ug/l",1,"U","U","Analyte was analyzed for but not detected"
"Finger Lakes RAS 2018","07-KEUK-1.5","07-KEUK-1.5-08012018-WS","TURBIDITY",2018-08-01 13:30:00,"TURB","T",1.58,"ntu",0.06,"ntu",0.1,"","T",""
"Finger Lakes RAS 2018","07-KEUK-1.5","07-KEUK-1.5-08012018-WS","Zinc",2018-08-01 13:30:00,"7440-66-6","T",2.6,"ug/l",2.5,"ug/l",5,"J","R","estimated value due to lab error ; Accuracy error"
"Finger Lakes RAS 2018","07-KEUK-3.4","07-KEUK-3.4-08022018-WS","ALKALINITY, TOTAL (AS CaCO3)",2018-08-02 10:30:00,"ALK","T",111,"mg/l",1,"mg/l",2,"","A",""
"Finger Lakes RAS 2018","07-KEUK-3.4","07-KEUK-3.4-08022018-WS","Aluminum",2018-08-02 10:30:00,"7429-90-5","T",77.4,"ug/l",2.3,"ug/l",10,"","A",""
"Finger Lakes RAS 2018","07-KEUK-3.4","07-KEUK-3.4-08022018-WS","Arsenic",2018-08-02 10:30:00,"7440-38-2","T",0.78,"ug/l",0.39,"ug/l",1,"J","J","estimated value due to lab error"
"Finger Lakes RAS 2018","07-KEUK-3.4","07-KEUK-3.4-08022018-WS","Cadmium",2018-08-02 10:30:00,"7440-43-9","T",NA,"ug/l",0.064,"ug/l",1,"U","U","Analyte was analyzed for but not detected"
"Finger Lakes RAS 2018","07-KEUK-3.4","07-KEUK-3.4-08022018-WS","Calcium",2018-08-02 10:30:00,"7440-70-2","T",37000,"ug/l",110,"ug/l",1000,"","A",""
"Finger Lakes RAS 2018","07-KEUK-3.4","07-KEUK-3.4-08022018-WS","CHLORIDE (AS CL)",2018-08-02 10:30:00,"16887-00-6","T",46.7,"mg/l",0.2,"mg/l",2,"","A",""
"Finger Lakes RAS 2018","07-KEUK-3.4","07-KEUK-3.4-08022018-WS","Copper",2018-08-02 10:30:00,"7440-50-8","T",2.8,"ug/l",0.66,"ug/l",1,"","A",""
"Finger Lakes RAS 2018","07-KEUK-3.4","07-KEUK-3.4-08022018-WS","HARDNESS (AS CACO3)",2018-08-02 10:30:00,"HARD","T",141,"mg/l",NA,"mg/l",6.62,"","A",""
"Finger Lakes RAS 2018","07-KEUK-3.4","07-KEUK-3.4-08022018-WS","Iron",2018-08-02 10:30:00,"7439-89-6","T",148,"ug/l",13,"ug/l",100,"","A",""
"Finger Lakes RAS 2018","07-KEUK-3.4","07-KEUK-3.4-08022018-WS","Lead",2018-08-02 10:30:00,"7439-92-1","T",0.95,"ug/l",0.067,"ug/l",1,"J","J","estimated value due to lab error"
"Finger Lakes RAS 2018","07-KEUK-3.4","07-KEUK-3.4-08022018-WS","Magnesium",2018-08-02 10:30:00,"7439-95-4","T",11700,"ug/l",29,"ug/l",1000,"","A",""
"Finger Lakes RAS 2018","07-KEUK-3.4","07-KEUK-3.4-08022018-WS","Nickel",2018-08-02 10:30:00,"7440-02-0","T",1,"ug/l",0.26,"ug/l",1,"","A",""
"Finger Lakes RAS 2018","07-KEUK-3.4","07-KEUK-3.4-08022018-WS","Nitrate+Nitrite as Nitrogen",2018-08-02 10:30:00,"NO3NO2N","T",1.21,"mg/l",7e-04,"mg/l",0.002,"","A",""
"Finger Lakes RAS 2018","07-KEUK-3.4","07-KEUK-3.4-08022018-WS","Nitrogen",2018-08-02 10:30:00,"KN","T",1.66,"mg/l",NA,"mg/l",0.1,"","A",""
"Finger Lakes RAS 2018","07-KEUK-3.4","07-KEUK-3.4-08022018-WS","Nitrogen, ammonia (As N)",2018-08-02 10:30:00,"7664-41-7","T",0.0422,"mg/l",8e-04,"mg/l",0.005,"","A",""
"Finger Lakes RAS 2018","07-KEUK-3.4","07-KEUK-3.4-08022018-WS","NITROGEN, KJELDAHL, TOTAL",2018-08-02 10:30:00,"KN","T",0.44,"mg/l",0.08,"mg/l",0.1,"","A",""
"Finger Lakes RAS 2018","07-KEUK-3.4","07-KEUK-3.4-08022018-WS","NITROGEN, NITRATE (AS N)",2018-08-02 10:30:00,"14797-55-8","T",1.13,"mg/l",NA,"mg/l",0.01,"","A",""
"Finger Lakes RAS 2018","07-KEUK-3.4","07-KEUK-3.4-08022018-WS","NITROGEN, NITRITE",2018-08-02 10:30:00,"14797-65-0","T",0.084,"mg/l",0.007,"mg/l",0.01,"","A",""
"Finger Lakes RAS 2018","07-KEUK-3.4","07-KEUK-3.4-08022018-WS","PHOSPHORUS, TOTAL (AS P)",2018-08-02 10:30:00,"7723-14-0","T",0.0276,"mg/l",0.002,"mg/l",0.005,"","A",""
"Finger Lakes RAS 2018","07-KEUK-3.4","07-KEUK-3.4-08022018-WS","Silver",2018-08-02 10:30:00,"7440-22-4","T",NA,"ug/l",0.039,"ug/l",1,"U","U","Analyte was analyzed for but not detected"
"Finger Lakes RAS 2018","07-KEUK-3.4","07-KEUK-3.4-08022018-WS","TURBIDITY",2018-08-02 10:30:00,"TURB","T",1.33,"ntu",0.06,"ntu",0.1,"","R","Equipment Blank error"
"Finger Lakes RAS 2018","07-KEUK-3.4","07-KEUK-3.4-08022018-WS","Zinc",2018-08-02 10:30:00,"7440-66-6","T",3.6,"ug/l",2.5,"ug/l",5,"NJ","R","lab error ; Accuracy error"
"Finger Lakes RAS 2018","07-KEUK-6.7","07-KEUK-6.7-08022018-WS","ALKALINITY, TOTAL (AS CaCO3)",2018-08-02 09:00:00,"ALK","T",99.6,"mg/l",1,"mg/l",2,"","A",""
"Finger Lakes RAS 2018","07-KEUK-6.7","07-KEUK-6.7-08022018-WS","Aluminum",2018-08-02 09:00:00,"7429-90-5","T",35.2,"ug/l",2.3,"ug/l",10,"","A",""
"Finger Lakes RAS 2018","07-KEUK-6.7","07-KEUK-6.7-08022018-WS","Arsenic",2018-08-02 09:00:00,"7440-38-2","T",0.97,"ug/l",0.39,"ug/l",1,"J","J","estimated value due to lab error"
"Finger Lakes RAS 2018","07-KEUK-6.7","07-KEUK-6.7-08022018-WS","Cadmium",2018-08-02 09:00:00,"7440-43-9","T",NA,"ug/l",0.064,"ug/l",1,"U","U","Analyte was analyzed for but not detected"
"Finger Lakes RAS 2018","07-KEUK-6.7","07-KEUK-6.7-08022018-WS","Calcium",2018-08-02 09:00:00,"7440-70-2","T",34000,"ug/l",110,"ug/l",1000,"","A",""
"Finger Lakes RAS 2018","07-KEUK-6.7","07-KEUK-6.7-08022018-WS","CHLORIDE (AS CL)",2018-08-02 09:00:00,"16887-00-6","T",38.8,"mg/l",0.2,"mg/l",2,"","A",""
"Finger Lakes RAS 2018","07-KEUK-6.7","07-KEUK-6.7-08022018-WS","Copper",2018-08-02 09:00:00,"7440-50-8","T",0.96,"ug/l",0.66,"ug/l",1,"J","J","estimated value due to lab error"
"Finger Lakes RAS 2018","07-KEUK-6.7","07-KEUK-6.7-08022018-WS","HARDNESS (AS CACO3)",2018-08-02 09:00:00,"HARD","T",131,"mg/l",NA,"mg/l",6.62,"","A",""
"Finger Lakes RAS 2018","07-KEUK-6.7","07-KEUK-6.7-08022018-WS","Iron",2018-08-02 09:00:00,"7439-89-6","T",148,"ug/l",13,"ug/l",100,"","A",""
"Finger Lakes RAS 2018","07-KEUK-6.7","07-KEUK-6.7-08022018-WS","Lead",2018-08-02 09:00:00,"7439-92-1","T",0.44,"ug/l",0.067,"ug/l",1,"J","J","estimated value due to lab error"
"Finger Lakes RAS 2018","07-KEUK-6.7","07-KEUK-6.7-08022018-WS","Magnesium",2018-08-02 09:00:00,"7439-95-4","T",11300,"ug/l",29,"ug/l",1000,"","A",""
"Finger Lakes RAS 2018","07-KEUK-6.7","07-KEUK-6.7-08022018-WS","Nickel",2018-08-02 09:00:00,"7440-02-0","T",0.82,"ug/l",0.26,"ug/l",1,"J","J","estimated value due to lab error"
"Finger Lakes RAS 2018","07-KEUK-6.7","07-KEUK-6.7-08022018-WS","Nitrate+Nitrite as Nitrogen",2018-08-02 09:00:00,"NO3NO2N","T",0.0253,"mg/l",7e-04,"mg/l",0.002,"","J","estimated value due to Equipment Blank error"
"Finger Lakes RAS 2018","07-KEUK-6.7","07-KEUK-6.7-08022018-WS","Nitrogen",2018-08-02 09:00:00,"KN","T",0.7,"mg/l",NA,"mg/l",0.1,"","A",""
"Finger Lakes RAS 2018","07-KEUK-6.7","07-KEUK-6.7-08022018-WS","Nitrogen, ammonia (As N)",2018-08-02 09:00:00,"7664-41-7","T",0.0169,"mg/l",8e-04,"mg/l",0.005,"","A",""
"Finger Lakes RAS 2018","07-KEUK-6.7","07-KEUK-6.7-08022018-WS","NITROGEN, KJELDAHL, TOTAL",2018-08-02 09:00:00,"KN","T",0.68,"mg/l",0.08,"mg/l",0.1,"","A",""
"Finger Lakes RAS 2018","07-KEUK-6.7","07-KEUK-6.7-08022018-WS","NITROGEN, NITRATE (AS N)",2018-08-02 09:00:00,"14797-55-8","T",0.025,"mg/l",NA,"mg/l",0.01,"","A",""
"Finger Lakes RAS 2018","07-KEUK-6.7","07-KEUK-6.7-08022018-WS","NITROGEN, NITRITE",2018-08-02 09:00:00,"14797-65-0","T",NA,"mg/l",0.007,"mg/l",0.01,"U","U","Analyte was analyzed for but not detected"
"Finger Lakes RAS 2018","07-KEUK-6.7","07-KEUK-6.7-08022018-WS","PHOSPHORUS, TOTAL (AS P)",2018-08-02 09:00:00,"7723-14-0","T",0.0264,"mg/l",0.002,"mg/l",0.005,"","A",""
"Finger Lakes RAS 2018","07-KEUK-6.7","07-KEUK-6.7-08022018-WS","Silver",2018-08-02 09:00:00,"7440-22-4","T",NA,"ug/l",0.039,"ug/l",1,"U","U","Analyte was analyzed for but not detected"
"Finger Lakes RAS 2018","07-KEUK-6.7","07-KEUK-6.7-08022018-WS","TURBIDITY",2018-08-02 09:00:00,"TURB","T",1.46,"ntu",0.06,"ntu",0.1,"","R","Equipment Blank error"
"Finger Lakes RAS 2018","07-KEUK-6.7","07-KEUK-6.7-08022018-WS","Zinc",2018-08-02 09:00:00,"7440-66-6","T",NA,"ug/l",2.5,"ug/l",5,"UN","R","lab error ; Accuracy error"
"Finger Lakes RAS 2018","07-KEUK-7.3","07-KEUK-7.3-08022018-WS","ALKALINITY, TOTAL (AS CaCO3)",2018-08-02 08:00:00,"ALK","T",94.4,"mg/l",1,"mg/l",2,"","A",""
"Finger Lakes RAS 2018","07-KEUK-7.3","07-KEUK-7.3-08022018-WS","Aluminum",2018-08-02 08:00:00,"7429-90-5","T",7.2,"ug/l",2.3,"ug/l",10,"J","J","estimated value due to lab error"
"Finger Lakes RAS 2018","07-KEUK-7.3","07-KEUK-7.3-08022018-WS","Arsenic",2018-08-02 08:00:00,"7440-38-2","T",0.94,"ug/l",0.39,"ug/l",1,"J","J","estimated value due to lab error"
"Finger Lakes RAS 2018","07-KEUK-7.3","07-KEUK-7.3-08022018-WS","Cadmium",2018-08-02 08:00:00,"7440-43-9","T",NA,"ug/l",0.064,"ug/l",1,"U","U","Analyte was analyzed for but not detected"
"Finger Lakes RAS 2018","07-KEUK-7.3","07-KEUK-7.3-08022018-WS","Calcium",2018-08-02 08:00:00,"7440-70-2","T",31400,"ug/l",110,"ug/l",1000,"","A",""
"Finger Lakes RAS 2018","07-KEUK-7.3","07-KEUK-7.3-08022018-WS","CHLORIDE (AS CL)",2018-08-02 08:00:00,"16887-00-6","T",36,"mg/l",0.2,"mg/l",2,"","A",""
"Finger Lakes RAS 2018","07-KEUK-7.3","07-KEUK-7.3-08022018-WS","Copper",2018-08-02 08:00:00,"7440-50-8","T",0.81,"ug/l",0.66,"ug/l",1,"J","J","estimated value due to lab error"
"Finger Lakes RAS 2018","07-KEUK-7.3","07-KEUK-7.3-08022018-WS","HARDNESS (AS CACO3)",2018-08-02 08:00:00,"HARD","T",121,"mg/l",NA,"mg/l",6.62,"","A",""
"Finger Lakes RAS 2018","07-KEUK-7.3","07-KEUK-7.3-08022018-WS","Iron",2018-08-02 08:00:00,"7439-89-6","T",134,"ug/l",13,"ug/l",100,"","A",""
"Finger Lakes RAS 2018","07-KEUK-7.3","07-KEUK-7.3-08022018-WS","Lead",2018-08-02 08:00:00,"7439-92-1","T",0.18,"ug/l",0.067,"ug/l",1,"J","J","estimated value due to lab error"
"Finger Lakes RAS 2018","07-KEUK-7.3","07-KEUK-7.3-08022018-WS","Magnesium",2018-08-02 08:00:00,"7439-95-4","T",10400,"ug/l",29,"ug/l",1000,"","A",""
"Finger Lakes RAS 2018","07-KEUK-7.3","07-KEUK-7.3-08022018-WS","Nickel",2018-08-02 08:00:00,"7440-02-0","T",0.65,"ug/l",0.26,"ug/l",1,"J","J","estimated value due to lab error"
"Finger Lakes RAS 2018","07-KEUK-7.3","07-KEUK-7.3-08022018-WS","Nitrate+Nitrite as Nitrogen",2018-08-02 08:00:00,"NO3NO2N","T",0.0055,"mg/l",7e-04,"mg/l",0.002,"","R","Equipment Blank error"
"Finger Lakes RAS 2018","07-KEUK-7.3","07-KEUK-7.3-08022018-WS","Nitrogen",2018-08-02 08:00:00,"KN","T",1.01,"mg/l",NA,"mg/l",0.1,"","A",""
"Finger Lakes RAS 2018","07-KEUK-7.3","07-KEUK-7.3-08022018-WS","Nitrogen, ammonia (As N)",2018-08-02 08:00:00,"7664-41-7","T",NA,"mg/l",8e-04,"mg/l",0.005,"U","U","Analyte was analyzed for but not detected"
"Finger Lakes RAS 2018","07-KEUK-7.3","07-KEUK-7.3-08022018-WS","NITROGEN, KJELDAHL, TOTAL",2018-08-02 08:00:00,"KN","T",1,"mg/l",0.08,"mg/l",0.1,"","A",""
"Finger Lakes RAS 2018","07-KEUK-7.3","07-KEUK-7.3-08022018-WS","NITROGEN, NITRATE (AS N)",2018-08-02 08:00:00,"14797-55-8","T",NA,"mg/l",NA,"mg/l",0.01,"U","U","Analyte was analyzed for but not detected"
"Finger Lakes RAS 2018","07-KEUK-7.3","07-KEUK-7.3-08022018-WS","NITROGEN, NITRITE",2018-08-02 08:00:00,"14797-65-0","T",NA,"mg/l",0.007,"mg/l",0.01,"U","U","Analyte was analyzed for but not detected"
"Finger Lakes RAS 2018","07-KEUK-7.3","07-KEUK-7.3-08022018-WS","PHOSPHORUS, TOTAL (AS P)",2018-08-02 08:00:00,"7723-14-0","T",0.0278,"mg/l",0.002,"mg/l",0.005,"","A",""
"Finger Lakes RAS 2018","07-KEUK-7.3","07-KEUK-7.3-08022018-WS","Silver",2018-08-02 08:00:00,"7440-22-4","T",NA,"ug/l",0.039,"ug/l",1,"U","U","Analyte was analyzed for but not detected"
"Finger Lakes RAS 2018","07-KEUK-7.3","07-KEUK-7.3-08022018-WS","TURBIDITY",2018-08-02 08:00:00,"TURB","T",1.19,"ntu",0.06,"ntu",0.1,"","R","Equipment Blank error"
"Finger Lakes RAS 2018","07-KEUK-7.3","07-KEUK-7.3-08022018-WS","Zinc",2018-08-02 08:00:00,"7440-66-6","T",7.3,"ug/l",2.5,"ug/l",5,"N","R","lab error ; Accuracy error"
"Finger Lakes RAS 2018","07-KEUK_T3-1.0","07-KEUK_T3-1.0-08012018-WS","ALKALINITY, TOTAL (AS CaCO3)",2018-08-01 14:30:00,"ALK","T",284,"mg/l",1,"mg/l",2,"","A",""
"Finger Lakes RAS 2018","07-KEUK_T3-1.0","07-KEUK_T3-1.0-08012018-WS","Aluminum",2018-08-01 14:30:00,"7429-90-5","T",886,"ug/l",23,"ug/l",100,"","A",""
"Finger Lakes RAS 2018","07-KEUK_T3-1.0","07-KEUK_T3-1.0-08012018-WS","Arsenic",2018-08-01 14:30:00,"7440-38-2","T",2.1,"ug/l",0.39,"ug/l",1,"","A",""
"Finger Lakes RAS 2018","07-KEUK_T3-1.0","07-KEUK_T3-1.0-08012018-WS","Cadmium",2018-08-01 14:30:00,"7440-43-9","T",NA,"ug/l",0.064,"ug/l",1,"U","U","Analyte was analyzed for but not detected"
"Finger Lakes RAS 2018","07-KEUK_T3-1.0","07-KEUK_T3-1.0-08012018-WS","Calcium",2018-08-01 14:30:00,"7440-70-2","T",114000,"ug/l",110,"ug/l",1000,"","A",""
"Finger Lakes RAS 2018","07-KEUK_T3-1.0","07-KEUK_T3-1.0-08012018-WS","CHLORIDE (AS CL)",2018-08-01 14:30:00,"16887-00-6","T",64.7,"mg/l",0.2,"mg/l",2,"","A",""
"Finger Lakes RAS 2018","07-KEUK_T3-1.0","07-KEUK_T3-1.0-08012018-WS","Copper",2018-08-01 14:30:00,"7440-50-8","T",3.3,"ug/l",0.66,"ug/l",1,"","A",""
"Finger Lakes RAS 2018","07-KEUK_T3-1.0","07-KEUK_T3-1.0-08012018-WS","HARDNESS (AS CACO3)",2018-08-01 14:30:00,"HARD","T",400,"mg/l",NA,"mg/l",6.62,"","A",""
"Finger Lakes RAS 2018","07-KEUK_T3-1.0","07-KEUK_T3-1.0-08012018-WS","Iron",2018-08-01 14:30:00,"7439-89-6","T",1320,"ug/l",13,"ug/l",100,"","A",""
"Finger Lakes RAS 2018","07-KEUK_T3-1.0","07-KEUK_T3-1.0-08012018-WS","Lead",2018-08-01 14:30:00,"7439-92-1","T",0.95,"ug/l",0.067,"ug/l",1,"J","J","estimated value due to lab error"
"Finger Lakes RAS 2018","07-KEUK_T3-1.0","07-KEUK_T3-1.0-08012018-WS","Magnesium",2018-08-01 14:30:00,"7439-95-4","T",27700,"ug/l",29,"ug/l",1000,"","A",""
"Finger Lakes RAS 2018","07-KEUK_T3-1.0","07-KEUK_T3-1.0-08012018-WS","Nickel",2018-08-01 14:30:00,"7440-02-0","T",4.2,"ug/l",0.26,"ug/l",1,"","A",""
"Finger Lakes RAS 2018","07-KEUK_T3-1.0","07-KEUK_T3-1.0-08012018-WS","Nitrate+Nitrite as Nitrogen",2018-08-01 14:30:00,"NO3NO2N","T",0.0915,"mg/l",7e-04,"mg/l",0.002,"","A",""
"Finger Lakes RAS 2018","07-KEUK_T3-1.0","07-KEUK_T3-1.0-08012018-WS","Nitrogen",2018-08-01 14:30:00,"KN","T",1.92,"mg/l",NA,"mg/l",0.1,"","A",""
"Finger Lakes RAS 2018","07-KEUK_T3-1.0","07-KEUK_T3-1.0-08012018-WS","Nitrogen, ammonia (As N)",2018-08-01 14:30:00,"7664-41-7","T",0.0288,"mg/l",8e-04,"mg/l",0.005,"","A",""
"Finger Lakes RAS 2018","07-KEUK_T3-1.0","07-KEUK_T3-1.0-08012018-WS","NITROGEN, KJELDAHL, TOTAL",2018-08-01 14:30:00,"KN","T",1.83,"mg/l",0.08,"mg/l",0.1,"","A",""
"Finger Lakes RAS 2018","07-KEUK_T3-1.0","07-KEUK_T3-1.0-08012018-WS","NITROGEN, NITRATE (AS N)",2018-08-01 14:30:00,"14797-55-8","T",0.092,"mg/l",NA,"mg/l",0.01,"","R","Result should be less than the total"
"Finger Lakes RAS 2018","07-KEUK_T3-1.0","07-KEUK_T3-1.0-08012018-WS","NITROGEN, NITRITE",2018-08-01 14:30:00,"14797-65-0","T",NA,"mg/l",0.007,"mg/l",0.01,"U","U","Analyte was analyzed for but not detected"
"Finger Lakes RAS 2018","07-KEUK_T3-1.0","07-KEUK_T3-1.0-08012018-WS","PHOSPHORUS, TOTAL (AS P)",2018-08-01 14:30:00,"7723-14-0","T",0.217,"mg/l",0.01,"mg/l",0.025,"","A",""
"Finger Lakes RAS 2018","07-KEUK_T3-1.0","07-KEUK_T3-1.0-08012018-WS","Silver",2018-08-01 14:30:00,"7440-22-4","T",NA,"ug/l",0.039,"ug/l",1,"U","U","Analyte was analyzed for but not detected"
"Finger Lakes RAS 2018","07-KEUK_T3-1.0","07-KEUK_T3-1.0-08012018-WS","TURBIDITY",2018-08-01 14:30:00,"TURB","T",2.65,"ntu",0.06,"ntu",0.1,"","J","estimated value due to Equipment Blank error"
"Finger Lakes RAS 2018","07-KEUK_T3-1.0","07-KEUK_T3-1.0-08012018-WS","Zinc",2018-08-01 14:30:00,"7440-66-6","T",8.5,"ug/l",2.5,"ug/l",5,"","R","Accuracy error"
"Finger Lakes RAS 2018","07-KEUK_T6-1.0","07-KEUK_T6-1.0-08012018-WS","ALKALINITY, TOTAL (AS CaCO3)",2018-08-01 14:45:00,"ALK","T",271,"mg/l",1,"mg/l",2,"","A",""
"Finger Lakes RAS 2018","07-KEUK_T6-1.0","07-KEUK_T6-1.0-08012018-WS","Aluminum",2018-08-01 14:45:00,"7429-90-5","T",1060,"ug/l",46,"ug/l",200,"","A",""
"Finger Lakes RAS 2018","07-KEUK_T6-1.0","07-KEUK_T6-1.0-08012018-WS","Arsenic",2018-08-01 14:45:00,"7440-38-2","T",1.6,"ug/l",0.39,"ug/l",1,"","A",""
"Finger Lakes RAS 2018","07-KEUK_T6-1.0","07-KEUK_T6-1.0-08012018-WS","Cadmium",2018-08-01 14:45:00,"7440-43-9","T",NA,"ug/l",0.064,"ug/l",1,"U","U","Analyte was analyzed for but not detected"
"Finger Lakes RAS 2018","07-KEUK_T6-1.0","07-KEUK_T6-1.0-08012018-WS","Calcium",2018-08-01 14:45:00,"7440-70-2","T",104000,"ug/l",110,"ug/l",1000,"","A",""
"Finger Lakes RAS 2018","07-KEUK_T6-1.0","07-KEUK_T6-1.0-08012018-WS","CHLORIDE (AS CL)",2018-08-01 14:45:00,"16887-00-6","T",52.8,"mg/l",0.2,"mg/l",2,"","A",""
"Finger Lakes RAS 2018","07-KEUK_T6-1.0","07-KEUK_T6-1.0-08012018-WS","Copper",2018-08-01 14:45:00,"7440-50-8","T",3.3,"ug/l",0.66,"ug/l",1,"","A",""
"Finger Lakes RAS 2018","07-KEUK_T6-1.0","07-KEUK_T6-1.0-08012018-WS","HARDNESS (AS CACO3)",2018-08-01 14:45:00,"HARD","T",364,"mg/l",NA,"mg/l",6.62,"","A",""
"Finger Lakes RAS 2018","07-KEUK_T6-1.0","07-KEUK_T6-1.0-08012018-WS","Iron",2018-08-01 14:45:00,"7439-89-6","T",2220,"ug/l",13,"ug/l",100,"","A",""
"Finger Lakes RAS 2018","07-KEUK_T6-1.0","07-KEUK_T6-1.0-08012018-WS","Lead",2018-08-01 14:45:00,"7439-92-1","T",1.7,"ug/l",0.067,"ug/l",1,"","A",""
"Finger Lakes RAS 2018","07-KEUK_T6-1.0","07-KEUK_T6-1.0-08012018-WS","Magnesium",2018-08-01 14:45:00,"7439-95-4","T",25600,"ug/l",29,"ug/l",1000,"","A",""
"Finger Lakes RAS 2018","07-KEUK_T6-1.0","07-KEUK_T6-1.0-08012018-WS","Nickel",2018-08-01 14:45:00,"7440-02-0","T",3.9,"ug/l",0.26,"ug/l",1,"","A",""
"Finger Lakes RAS 2018","07-KEUK_T6-1.0","07-KEUK_T6-1.0-08012018-WS","Nitrate+Nitrite as Nitrogen",2018-08-01 14:45:00,"NO3NO2N","T",0.932,"mg/l",7e-04,"mg/l",0.002,"","A",""
"Finger Lakes RAS 2018","07-KEUK_T6-1.0","07-KEUK_T6-1.0-08012018-WS","Nitrogen",2018-08-01 14:45:00,"KN","T",2.23,"mg/l",NA,"mg/l",0.1,"","A",""
"Finger Lakes RAS 2018","07-KEUK_T6-1.0","07-KEUK_T6-1.0-08012018-WS","Nitrogen, ammonia (As N)",2018-08-01 14:45:00,"7664-41-7","T",0.0186,"mg/l",8e-04,"mg/l",0.005,"","A",""
"Finger Lakes RAS 2018","07-KEUK_T6-1.0","07-KEUK_T6-1.0-08012018-WS","NITROGEN, KJELDAHL, TOTAL",2018-08-01 14:45:00,"KN","T",1.3,"mg/l",0.08,"mg/l",0.1,"","A",""
"Finger Lakes RAS 2018","07-KEUK_T6-1.0","07-KEUK_T6-1.0-08012018-WS","NITROGEN, NITRATE (AS N)",2018-08-01 14:45:00,"14797-55-8","T",0.932,"mg/l",NA,"mg/l",0.01,"","A",""
"Finger Lakes RAS 2018","07-KEUK_T6-1.0","07-KEUK_T6-1.0-08012018-WS","NITROGEN, NITRITE",2018-08-01 14:45:00,"14797-65-0","T",NA,"mg/l",0.007,"mg/l",0.01,"U","U","Analyte was analyzed for but not detected"
"Finger Lakes RAS 2018","07-KEUK_T6-1.0","07-KEUK_T6-1.0-08012018-WS","PHOSPHORUS, TOTAL (AS P)",2018-08-01 14:45:00,"7723-14-0","T",0.398,"mg/l",0.02,"mg/l",0.05,"","A",""
"Finger Lakes RAS 2018","07-KEUK_T6-1.0","07-KEUK_T6-1.0-08012018-WS","Silver",2018-08-01 14:45:00,"7440-22-4","T",NA,"ug/l",0.039,"ug/l",1,"U","U","Analyte was analyzed for but not detected"
"Finger Lakes RAS 2018","07-KEUK_T6-1.0","07-KEUK_T6-1.0-08012018-WS","TURBIDITY",2018-08-01 14:45:00,"TURB","T",5.53,"ntu",0.06,"ntu",0.1,"","A",""
"Finger Lakes RAS 2018","07-KEUK_T6-1.0","07-KEUK_T6-1.0-08012018-WS","Zinc",2018-08-01 14:45:00,"7440-66-6","T",12,"ug/l",2.5,"ug/l",5,"","R","Accuracy error"
"Finger Lakes RAS 2018","07-KNDA-1.4","07-KNDA-1.4-08012018-WS","ALKALINITY, TOTAL (AS CaCO3)",2018-08-01 09:45:00,"ALK","T",194,"mg/l",1,"mg/l",2,"","A",""
"Finger Lakes RAS 2018","07-KNDA-1.4","07-KNDA-1.4-08012018-WS","Aluminum",2018-08-01 09:45:00,"7429-90-5","T",12.9,"ug/l",2.3,"ug/l",10,"","A",""
"Finger Lakes RAS 2018","07-KNDA-1.4","07-KNDA-1.4-08012018-WS","Arsenic",2018-08-01 09:45:00,"7440-38-2","T",0.74,"ug/l",0.39,"ug/l",1,"J","J","estimated value due to lab error"
"Finger Lakes RAS 2018","07-KNDA-1.4","07-KNDA-1.4-08012018-WS","Cadmium",2018-08-01 09:45:00,"7440-43-9","T",NA,"ug/l",0.064,"ug/l",1,"U","U","Analyte was analyzed for but not detected"
"Finger Lakes RAS 2018","07-KNDA-1.4","07-KNDA-1.4-08012018-WS","Calcium",2018-08-01 09:45:00,"7440-70-2","T",82900,"ug/l",110,"ug/l",1000,"","A",""
"Finger Lakes RAS 2018","07-KNDA-1.4","07-KNDA-1.4-08012018-WS","CHLORIDE (AS CL)",2018-08-01 09:45:00,"16887-00-6","T",87.3,"mg/l",0.3,"mg/l",4,"","A",""
"Finger Lakes RAS 2018","07-KNDA-1.4","07-KNDA-1.4-08012018-WS","Copper",2018-08-01 09:45:00,"7440-50-8","T",2.2,"ug/l",0.66,"ug/l",1,"","A",""
"Finger Lakes RAS 2018","07-KNDA-1.4","07-KNDA-1.4-08012018-WS","HARDNESS (AS CACO3)",2018-08-01 09:45:00,"HARD","T",269,"mg/l",NA,"mg/l",6.62,"","A",""
"Finger Lakes RAS 2018","07-KNDA-1.4","07-KNDA-1.4-08012018-WS","Iron",2018-08-01 09:45:00,"7439-89-6","T",NA,"ug/l",13,"ug/l",100,"U","U","Analyte was analyzed for but not detected"
"Finger Lakes RAS 2018","07-KNDA-1.4","07-KNDA-1.4-08012018-WS","Lead",2018-08-01 09:45:00,"7439-92-1","T",NA,"ug/l",0.067,"ug/l",1,"U","U","Analyte was analyzed for but not detected"
"Finger Lakes RAS 2018","07-KNDA-1.4","07-KNDA-1.4-08012018-WS","Magnesium",2018-08-01 09:45:00,"7439-95-4","T",15100,"ug/l",29,"ug/l",1000,"","A",""
"Finger Lakes RAS 2018","07-KNDA-1.4","07-KNDA-1.4-08012018-WS","Nickel",2018-08-01 09:45:00,"7440-02-0","T",2,"ug/l",0.26,"ug/l",1,"","A",""
"Finger Lakes RAS 2018","07-KNDA-1.4","07-KNDA-1.4-08012018-WS","Nitrate+Nitrite as Nitrogen",2018-08-01 09:45:00,"NO3NO2N","T",0.0158,"mg/l",7e-04,"mg/l",0.002,"","R","Accuracy error"
"Finger Lakes RAS 2018","07-KNDA-1.4","07-KNDA-1.4-08012018-WS","Nitrogen",2018-08-01 09:45:00,"KN","T",0.49,"mg/l",NA,"mg/l",0.1,"","A",""
"Finger Lakes RAS 2018","07-KNDA-1.4","07-KNDA-1.4-08012018-WS","Nitrogen, ammonia (As N)",2018-08-01 09:45:00,"7664-41-7","T",0.006,"mg/l",8e-04,"mg/l",0.005,"","A",""
"Finger Lakes RAS 2018","07-KNDA-1.4","07-KNDA-1.4-08012018-WS","NITROGEN, KJELDAHL, TOTAL",2018-08-01 09:45:00,"KN","T",0.48,"mg/l",0.08,"mg/l",0.1,"","A",""
"Finger Lakes RAS 2018","07-KNDA-1.4","07-KNDA-1.4-08012018-WS","NITROGEN, NITRATE (AS N)",2018-08-01 09:45:00,"14797-55-8","T",0.016,"mg/l",NA,"mg/l",0.01,"","R","Result should be less than the total"
"Finger Lakes RAS 2018","07-KNDA-1.4","07-KNDA-1.4-08012018-WS","NITROGEN, NITRITE",2018-08-01 09:45:00,"14797-65-0","T",NA,"mg/l",0.007,"mg/l",0.01,"U","U","Analyte was analyzed for but not detected"
"Finger Lakes RAS 2018","07-KNDA-1.4","07-KNDA-1.4-08012018-WS","PHOSPHORUS, TOTAL (AS P)",2018-08-01 09:45:00,"7723-14-0","T",0.0143,"mg/l",0.002,"mg/l",0.005,"","A",""
"Finger Lakes RAS 2018","07-KNDA-1.4","07-KNDA-1.4-08012018-WS","Silver",2018-08-01 09:45:00,"7440-22-4","T",NA,"ug/l",0.039,"ug/l",1,"U","U","Analyte was analyzed for but not detected"
"Finger Lakes RAS 2018","07-KNDA-1.4","07-KNDA-1.4-08012018-WS","TURBIDITY",2018-08-01 09:45:00,"TURB","T",0.88,"ntu",0.06,"ntu",0.1,"","R","Equipment Blank error"
"Finger Lakes RAS 2018","07-KNDA-1.4","07-KNDA-1.4-08012018-WS","Zinc",2018-08-01 09:45:00,"7440-66-6","T",NA,"ug/l",2.5,"ug/l",5,"U","U","Analyte was analyzed for but not detected"
"Finger Lakes RAS 2018","07-ONID-4.0","07-ONID-XX-08022018-WS","Nitrate+Nitrite as Nitrogen",2018-08-02 13:30:00,"NO3NO2N","T",0.0033,"mg/l",7e-04,"mg/l",0.002,"","R","Equipment Blank error"
"Finger Lakes RAS 2018","07-ONID-4.0","07-ONID-XX-08022018-WS","Nitrogen",2018-08-02 13:30:00,"KN","T",0.51,"mg/l",NA,"mg/l",0.1,"","A",""
"Finger Lakes RAS 2018","07-ONID-4.0","07-ONID-XX-08022018-WS","Nitrogen, ammonia (As N)",2018-08-02 13:30:00,"7664-41-7","T",0.0096,"mg/l",8e-04,"mg/l",0.005,"","A",""
"Finger Lakes RAS 2018","07-ONID-4.0","07-ONID-XX-08022018-WS","NITROGEN, KJELDAHL, TOTAL",2018-08-02 13:30:00,"KN","T",0.51,"mg/l",0.08,"mg/l",0.1,"","A",""
"Finger Lakes RAS 2018","07-ONID-4.0","07-ONID-XX-08022018-WS","PHOSPHORUS, TOTAL (AS P)",2018-08-02 13:30:00,"7723-14-0","T",0.0318,"mg/l",0.002,"mg/l",0.005,"","A",""
"Finger Lakes RAS 2018","07-REED-2.3","07-REED-2.3-08012018-WS","ALKALINITY, TOTAL (AS CaCO3)",2018-08-01 11:00:00,"ALK","T",230,"mg/l",1,"mg/l",2,"","A",""
"Finger Lakes RAS 2018","07-REED-2.3","07-REED-2.3-08012018-WS","Aluminum",2018-08-01 11:00:00,"7429-90-5","T",564,"ug/l",23,"ug/l",100,"","A",""
"Finger Lakes RAS 2018","07-REED-2.3","07-REED-2.3-08012018-WS","Arsenic",2018-08-01 11:00:00,"7440-38-2","T",1.7,"ug/l",0.39,"ug/l",1,"","A",""
"Finger Lakes RAS 2018","07-REED-2.3","07-REED-2.3-08012018-WS","Cadmium",2018-08-01 11:00:00,"7440-43-9","T",NA,"ug/l",0.064,"ug/l",1,"U","U","Analyte was analyzed for but not detected"
"Finger Lakes RAS 2018","07-REED-2.3","07-REED-2.3-08012018-WS","Calcium",2018-08-01 11:00:00,"7440-70-2","T",106000,"ug/l",110,"ug/l",1000,"","A",""
"Finger Lakes RAS 2018","07-REED-2.3","07-REED-2.3-08012018-WS","CHLORIDE (AS CL)",2018-08-01 11:00:00,"16887-00-6","T",182,"mg/l",0.5,"mg/l",8,"","A",""
"Finger Lakes RAS 2018","07-REED-2.3","07-REED-2.3-08012018-WS","Copper",2018-08-01 11:00:00,"7440-50-8","T",23.6,"ug/l",0.66,"ug/l",1,"","A",""
"Finger Lakes RAS 2018","07-REED-2.3","07-REED-2.3-08012018-WS","HARDNESS (AS CACO3)",2018-08-01 11:00:00,"HARD","T",337,"mg/l",NA,"mg/l",6.62,"","A",""
"Finger Lakes RAS 2018","07-REED-2.3","07-REED-2.3-08012018-WS","Iron",2018-08-01 11:00:00,"7439-89-6","T",1170,"ug/l",13,"ug/l",100,"","A",""
"Finger Lakes RAS 2018","07-REED-2.3","07-REED-2.3-08012018-WS","Lead",2018-08-01 11:00:00,"7439-92-1","T",2.4,"ug/l",0.067,"ug/l",1,"","A",""
"Finger Lakes RAS 2018","07-REED-2.3","07-REED-2.3-08012018-WS","Magnesium",2018-08-01 11:00:00,"7439-95-4","T",17800,"ug/l",29,"ug/l",1000,"","A",""
"Finger Lakes RAS 2018","07-REED-2.3","07-REED-2.3-08012018-WS","Nickel",2018-08-01 11:00:00,"7440-02-0","T",4.7,"ug/l",0.26,"ug/l",1,"","A",""
"Finger Lakes RAS 2018","07-REED-2.3","07-REED-2.3-08012018-WS","Nitrate+Nitrite as Nitrogen",2018-08-01 11:00:00,"NO3NO2N","T",3.92,"mg/l",0.004,"mg/l",0.01,"","R","Accuracy error"
"Finger Lakes RAS 2018","07-REED-2.3","07-REED-2.3-08012018-WS","Nitrogen",2018-08-01 11:00:00,"KN","T",5.32,"mg/l",NA,"mg/l",0.1,"","A",""
"Finger Lakes RAS 2018","07-REED-2.3","07-REED-2.3-08012018-WS","Nitrogen, ammonia (As N)",2018-08-01 11:00:00,"7664-41-7","T",0.0751,"mg/l",8e-04,"mg/l",0.005,"","A",""
"Finger Lakes RAS 2018","07-REED-2.3","07-REED-2.3-08012018-WS","NITROGEN, KJELDAHL, TOTAL",2018-08-01 11:00:00,"KN","T",1.4,"mg/l",0.08,"mg/l",0.1,"","A",""
"Finger Lakes RAS 2018","07-REED-2.3","07-REED-2.3-08012018-WS","NITROGEN, NITRATE (AS N)",2018-08-01 11:00:00,"14797-55-8","T",3.89,"mg/l",NA,"mg/l",0.01,"","A",""
"Finger Lakes RAS 2018","07-REED-2.3","07-REED-2.3-08012018-WS","NITROGEN, NITRITE",2018-08-01 11:00:00,"14797-65-0","T",0.033,"mg/l",0.007,"mg/l",0.01,"","A",""
"Finger Lakes RAS 2018","07-REED-2.3","07-REED-2.3-08012018-WS","PHOSPHORUS, TOTAL (AS P)",2018-08-01 11:00:00,"7723-14-0","T",1.67,"mg/l",0.2,"mg/l",0.5,"","A",""
"Finger Lakes RAS 2018","07-REED-2.3","07-REED-2.3-08012018-WS","Silver",2018-08-01 11:00:00,"7440-22-4","T",NA,"ug/l",0.039,"ug/l",1,"U","U","Analyte was analyzed for but not detected"
"Finger Lakes RAS 2018","07-REED-2.3","07-REED-2.3-08012018-WS","TURBIDITY",2018-08-01 11:00:00,"TURB","T",6.46,"ntu",0.06,"ntu",0.1,"","A",""
"Finger Lakes RAS 2018","07-REED-2.3","07-REED-2.3-08012018-WS","Zinc",2018-08-01 11:00:00,"7440-66-6","T",29.7,"ug/l",2.5,"ug/l",5,"","A",""
"Finger Lakes RAS 2018","07-SKAT_T2-0.1","07-SKAT_T2-0.1-07312018-WS","ALKALINITY, TOTAL (AS CaCO3)",2018-07-31 11:00:00,"ALK","T",218,"mg/l",1,"mg/l",2,"","A",""
"Finger Lakes RAS 2018","07-SKAT_T2-0.1","07-SKAT_T2-0.1-07312018-WS","Aluminum",2018-07-31 11:00:00,"7429-90-5","T",75,"ug/l",2.3,"ug/l",10,"","A",""
"Finger Lakes RAS 2018","07-SKAT_T2-0.1","07-SKAT_T2-0.1-07312018-WS","Arsenic",2018-07-31 11:00:00,"7440-38-2","T",NA,"ug/l",0.39,"ug/l",1,"U","U","Analyte was analyzed for but not detected"
"Finger Lakes RAS 2018","07-SKAT_T2-0.1","07-SKAT_T2-0.1-07312018-WS","Cadmium",2018-07-31 11:00:00,"7440-43-9","T",NA,"ug/l",0.064,"ug/l",1,"U","U","Analyte was analyzed for but not detected"
"Finger Lakes RAS 2018","07-SKAT_T2-0.1","07-SKAT_T2-0.1-07312018-WS","Calcium",2018-07-31 11:00:00,"7440-70-2","T",81500,"ug/l",110,"ug/l",1000,"","A",""
"Finger Lakes RAS 2018","07-SKAT_T2-0.1","07-SKAT_T2-0.1-07312018-WS","CHLORIDE (AS CL)",2018-07-31 11:00:00,"16887-00-6","T",63.4,"mg/l",0.2,"mg/l",2,"","A",""
"Finger Lakes RAS 2018","07-SKAT_T2-0.1","07-SKAT_T2-0.1-07312018-WS","Copper",2018-07-31 11:00:00,"7440-50-8","T",1.7,"ug/l",0.66,"ug/l",1,"","A",""
"Finger Lakes RAS 2018","07-SKAT_T2-0.1","07-SKAT_T2-0.1-07312018-WS","HARDNESS (AS CACO3)",2018-07-31 11:00:00,"HARD","T",279,"mg/l",NA,"mg/l",6.62,"","A",""
"Finger Lakes RAS 2018","07-SKAT_T2-0.1","07-SKAT_T2-0.1-07312018-WS","Iron",2018-07-31 11:00:00,"7439-89-6","T",153,"ug/l",13,"ug/l",100,"","A",""
"Finger Lakes RAS 2018","07-SKAT_T2-0.1","07-SKAT_T2-0.1-07312018-WS","Lead",2018-07-31 11:00:00,"7439-92-1","T",0.16,"ug/l",0.067,"ug/l",1,"J","J","estimated value due to lab error"
"Finger Lakes RAS 2018","07-SKAT_T2-0.1","07-SKAT_T2-0.1-07312018-WS","Magnesium",2018-07-31 11:00:00,"7439-95-4","T",18300,"ug/l",29,"ug/l",1000,"","A",""
"Finger Lakes RAS 2018","07-SKAT_T2-0.1","07-SKAT_T2-0.1-07312018-WS","Nickel",2018-07-31 11:00:00,"7440-02-0","T",1.5,"ug/l",0.26,"ug/l",1,"","A",""
"Finger Lakes RAS 2018","07-SKAT_T2-0.1","07-SKAT_T2-0.1-07312018-WS","Nitrate+Nitrite as Nitrogen",2018-07-31 11:00:00,"NO3NO2N","T",0.85,"mg/l",7e-04,"mg/l",0.002,"","R","Accuracy error"
"Finger Lakes RAS 2018","07-SKAT_T2-0.1","07-SKAT_T2-0.1-07312018-WS","Nitrogen",2018-07-31 11:00:00,"KN","T",1.46,"mg/l",NA,"mg/l",0.1,"","A",""
"Finger Lakes RAS 2018","07-SKAT_T2-0.1","07-SKAT_T2-0.1-07312018-WS","Nitrogen, ammonia (As N)",2018-07-31 11:00:00,"7664-41-7","T",0.0059,"mg/l",8e-04,"mg/l",0.005,"","A",""
"Finger Lakes RAS 2018","07-SKAT_T2-0.1","07-SKAT_T2-0.1-07312018-WS","NITROGEN, KJELDAHL, TOTAL",2018-07-31 11:00:00,"KN","T",0.61,"mg/l",0.08,"mg/l",0.1,"","A",""
"Finger Lakes RAS 2018","07-SKAT_T2-0.1","07-SKAT_T2-0.1-07312018-WS","NITROGEN, NITRATE (AS N)",2018-07-31 11:00:00,"14797-55-8","T",0.85,"mg/l",NA,"mg/l",0.01,"","A",""
"Finger Lakes RAS 2018","07-SKAT_T2-0.1","07-SKAT_T2-0.1-07312018-WS","NITROGEN, NITRITE",2018-07-31 11:00:00,"14797-65-0","T",NA,"mg/l",0.007,"mg/l",0.01,"U","U","Analyte was analyzed for but not detected"
"Finger Lakes RAS 2018","07-SKAT_T2-0.1","07-SKAT_T2-0.1-07312018-WS","PHOSPHORUS, TOTAL (AS P)",2018-07-31 11:00:00,"7723-14-0","T",0.0294,"mg/l",0.002,"mg/l",0.005,"","A",""
"Finger Lakes RAS 2018","07-SKAT_T2-0.1","07-SKAT_T2-0.1-07312018-WS","Silver",2018-07-31 11:00:00,"7440-22-4","T",NA,"ug/l",0.039,"ug/l",1,"U","U","Analyte was analyzed for but not detected"
"Finger Lakes RAS 2018","07-SKAT_T2-0.1","07-SKAT_T2-0.1-07312018-WS","TURBIDITY",2018-07-31 11:00:00,"TURB","T",0.52,"ntu",0.06,"ntu",0.1,"","R","Equipment Blank error"
"Finger Lakes RAS 2018","07-SKAT_T2-0.1","07-SKAT_T2-0.1-07312018-WS","Zinc",2018-07-31 11:00:00,"7440-66-6","T",NA,"ug/l",2.5,"ug/l",5,"U","U","Analyte was analyzed for but not detected"
"Finger Lakes RAS 2018","07-SKAT_T89-0.2","07-SKAT_T89-0.2-07312018-WS","ALKALINITY, TOTAL (AS CaCO3)",2018-07-31 11:45:00,"ALK","T",221,"mg/l",1,"mg/l",2,"","A",""
"Finger Lakes RAS 2018","07-SKAT_T89-0.2","07-SKAT_T89-0.2-07312018-WS","Aluminum",2018-07-31 11:45:00,"7429-90-5","T",346,"ug/l",11.5,"ug/l",50,"","A",""
"Finger Lakes RAS 2018","07-SKAT_T89-0.2","07-SKAT_T89-0.2-07312018-WS","Arsenic",2018-07-31 11:45:00,"7440-38-2","T",0.67,"ug/l",0.39,"ug/l",1,"J","J","estimated value due to lab error"
"Finger Lakes RAS 2018","07-SKAT_T89-0.2","07-SKAT_T89-0.2-07312018-WS","Cadmium",2018-07-31 11:45:00,"7440-43-9","T",NA,"ug/l",0.064,"ug/l",1,"U","U","Analyte was analyzed for but not detected"
"Finger Lakes RAS 2018","07-SKAT_T89-0.2","07-SKAT_T89-0.2-07312018-WS","Calcium",2018-07-31 11:45:00,"7440-70-2","T",82800,"ug/l",110,"ug/l",1000,"","A",""
"Finger Lakes RAS 2018","07-SKAT_T89-0.2","07-SKAT_T89-0.2-07312018-WS","CHLORIDE (AS CL)",2018-07-31 11:45:00,"16887-00-6","T",22.2,"mg/l",0.2,"mg/l",2,"","A",""
"Finger Lakes RAS 2018","07-SKAT_T89-0.2","07-SKAT_T89-0.2-07312018-WS","Copper",2018-07-31 11:45:00,"7440-50-8","T",1.4,"ug/l",0.66,"ug/l",1,"","A",""
"Finger Lakes RAS 2018","07-SKAT_T89-0.2","07-SKAT_T89-0.2-07312018-WS","HARDNESS (AS CACO3)",2018-07-31 11:45:00,"HARD","T",287,"mg/l",NA,"mg/l",6.62,"","A",""
"Finger Lakes RAS 2018","07-SKAT_T89-0.2","07-SKAT_T89-0.2-07312018-WS","Iron",2018-07-31 11:45:00,"7439-89-6","T",616,"ug/l",13,"ug/l",100,"","A",""
"Finger Lakes RAS 2018","07-SKAT_T89-0.2","07-SKAT_T89-0.2-07312018-WS","Lead",2018-07-31 11:45:00,"7439-92-1","T",0.59,"ug/l",0.067,"ug/l",1,"J","J","estimated value due to lab error"
"Finger Lakes RAS 2018","07-SKAT_T89-0.2","07-SKAT_T89-0.2-07312018-WS","Magnesium",2018-07-31 11:45:00,"7439-95-4","T",19500,"ug/l",29,"ug/l",1000,"","A",""
"Finger Lakes RAS 2018","07-SKAT_T89-0.2","07-SKAT_T89-0.2-07312018-WS","Nickel",2018-07-31 11:45:00,"7440-02-0","T",1.7,"ug/l",0.26,"ug/l",1,"","A",""
"Finger Lakes RAS 2018","07-SKAT_T89-0.2","07-SKAT_T89-0.2-07312018-WS","Nitrate+Nitrite as Nitrogen",2018-07-31 11:45:00,"NO3NO2N","T",3.29,"mg/l",0.004,"mg/l",0.01,"","R","Accuracy error"
"Finger Lakes RAS 2018","07-SKAT_T89-0.2","07-SKAT_T89-0.2-07312018-WS","Nitrogen",2018-07-31 11:45:00,"KN","T",3.77,"mg/l",NA,"mg/l",0.1,"","A",""
"Finger Lakes RAS 2018","07-SKAT_T89-0.2","07-SKAT_T89-0.2-07312018-WS","Nitrogen, ammonia (As N)",2018-07-31 11:45:00,"7664-41-7","T",NA,"mg/l",8e-04,"mg/l",0.005,"U","U","Analyte was analyzed for but not detected"
"Finger Lakes RAS 2018","07-SKAT_T89-0.2","07-SKAT_T89-0.2-07312018-WS","NITROGEN, KJELDAHL, TOTAL",2018-07-31 11:45:00,"KN","T",0.48,"mg/l",0.08,"mg/l",0.1,"","A",""
"Finger Lakes RAS 2018","07-SKAT_T89-0.2","07-SKAT_T89-0.2-07312018-WS","NITROGEN, NITRATE (AS N)",2018-07-31 11:45:00,"14797-55-8","T",3.29,"mg/l",NA,"mg/l",0.01,"","A",""
"Finger Lakes RAS 2018","07-SKAT_T89-0.2","07-SKAT_T89-0.2-07312018-WS","NITROGEN, NITRITE",2018-07-31 11:45:00,"14797-65-0","T",NA,"mg/l",0.007,"mg/l",0.01,"U","U","Analyte was analyzed for but not detected"
"Finger Lakes RAS 2018","07-SKAT_T89-0.2","07-SKAT_T89-0.2-07312018-WS","PHOSPHORUS, TOTAL (AS P)",2018-07-31 11:45:00,"7723-14-0","T",0.0302,"mg/l",0.002,"mg/l",0.005,"","A",""
"Finger Lakes RAS 2018","07-SKAT_T89-0.2","07-SKAT_T89-0.2-07312018-WS","Silver",2018-07-31 11:45:00,"7440-22-4","T",NA,"ug/l",0.039,"ug/l",1,"U","U","Analyte was analyzed for but not detected"
"Finger Lakes RAS 2018","07-SKAT_T89-0.2","07-SKAT_T89-0.2-07312018-WS","TURBIDITY",2018-07-31 11:45:00,"TURB","T",1.57,"ntu",0.06,"ntu",0.1,"","T",""
"Finger Lakes RAS 2018","07-SKAT_T89-0.2","07-SKAT_T89-0.2-07312018-WS","Zinc",2018-07-31 11:45:00,"7440-66-6","T",3.4,"ug/l",2.5,"ug/l",5,"J","J","estimated value due to lab error"
