"sys_sample_code","lab_anl_method_name","analysis_date","fraction","column_number","test_type","lab_matrix_code","analysis_location","basis","container_id","dilution_factor","prep_method","prep_date","leachate_method","leachate_date","lab_name_code","qc_level","lab_sample_id","percent_moisture","subsample_amount","subsample_amount_unit","analyst_name","instrument_id","comment.x","preservative","final_volume","final_volume_unit","cas_rn","chemical_name","result_value","result_error_delta","result_type_code","reportable_result","detect_flag","lab_qualifiers","validator_qualifiers","interpreted_qualifiers","validated_yn","method_detection_limit","reporting_detection_limit","quantitation_limit","result_unit","detection_limit_unit","tic_retention_time","minimum_detectable_conc","counting_error","uncertainty","critical_value","validation_level","result_comment","qc_original_conc","qc_spike_added","qc_spike_measured","qc_spike_recovery","qc_dup_original_conc","qc_dup_spike_added","qc_dup_spike_measured","qc_dup_spike_recovery","qc_rpd","qc_spike_lcl","qc_spike_ucl","qc_rpd_cl","qc_spike_status","qc_dup_spike_status","qc_rpd_status","lab_sdg","X.data_provider","sample_name","sample_matrix_code","sample_type_code","sample_source","parent_sample_code","sample_delivery_group","sample_date","sys_loc_code","start_depth","end_depth","depth_unit","chain_of_custody","sent_to_lab_date","sample_receipt_date","sampler","sampling_company_code","sampling_reason","sampling_technique","task_code","collection_quarter","composite_yn","composite_desc","sample_class","custom_field_1","custom_field_2","custom_field_3","comment.y","SiteID","DEC_sample_type"
"05-COHO-11.1-08232018-W","E353.2","09/13/2018 10:21:00","T",NA,"initial","WS","LB",NA,NA,1,"","",NA,NA,"ALSRNY","quant","R1808042-011",NA,10,"mL",NA,NA,NA,NA,10,"mL","NO3NO2N","Nitrate+Nitrite as Nitrogen",1.03,NA,"TRG","Yes","Y","",NA,"",NA,7e-04,NA,0.002,"mg/l","mg/l",NA,7e-04,NA,NA,NA,NA,"",NA,NA,NA,NA,NA,NA,NA,NA,"",NA,NA,NA,NA,NA,NA,"R1808042","ALSRNY","05-COHO-11.1-08232018-W","WS","N","Field","","R1808042","08/23/2018 13:00:00","Unknown",NA,NA,NA,NA,NA,"08/24/2018",NA,"NYSDEC",NA,NA,"SC",NA,"n",NA,NA,NA,NA,NA,NA,"05-COHO-11.1","N"
"05-COHO-11.1-08232018-W","E353.2","08/24/2018 21:06:00","T",NA,"initial","WS","LB",NA,NA,1,"","",NA,NA,"ALSRNY","quant","R1808042-011",NA,10,"mL",NA,NA,NA,NA,10,"mL","14797-65-0","NITROGEN, NITRITE",NA,NA,"TRG","Yes","N","U",NA,"U",NA,0.007,0.007,0.01,"mg/l","mg/l",NA,0.007,NA,NA,NA,NA,"not detected",NA,NA,NA,NA,NA,NA,NA,NA,"",NA,NA,NA,NA,NA,NA,"R1808042","ALSRNY","05-COHO-11.1-08232018-W","WS","N","Field","","R1808042","08/23/2018 13:00:00","Unknown",NA,NA,NA,NA,NA,"08/24/2018",NA,"NYSDEC",NA,NA,"SC",NA,"n",NA,NA,NA,NA,NA,NA,"05-COHO-11.1","N"
"05-COHO-11.1-08232018-W","Calculation","09/14/2018 16:59:00","T",NA,"initial","WS","LB",NA,NA,1,"","09/13/2018 00:00:00",NA,NA,"ALSRNY","quant","R1808042-011",NA,0,"mL",NA,NA,NA,NA,NA,"","KN","Nitrogen",1.73,NA,"TRG","Yes","Y","",NA,"",NA,NA,NA,0.1,"mg/l","mg/l",NA,NA,NA,NA,NA,NA,"",NA,NA,NA,NA,NA,NA,NA,NA,"",NA,NA,NA,NA,NA,NA,"R1808042","ALSRNY","05-COHO-11.1-08232018-W","WS","N","Field","","R1808042","08/23/2018 13:00:00","Unknown",NA,NA,NA,NA,NA,"08/24/2018",NA,"NYSDEC",NA,NA,"SC",NA,"n",NA,NA,NA,NA,NA,NA,"05-COHO-11.1","N"
"05-COHO-11.1-08232018-W","E351.2","09/14/2018 16:59:00","T",NA,"initial","WS","LB",NA,NA,1,"METHOD","09/13/2018 15:06:00",NA,NA,"ALSRNY","quant","R1808042-011",NA,20,"mL",NA,NA,NA,NA,20,"mL","KN","NITROGEN, KJELDAHL, TOTAL",0.69,NA,"TRG","Yes","Y","",NA,"",NA,0.08,NA,0.1,"mg/l","mg/l",NA,0.08,NA,NA,NA,NA,"",NA,NA,NA,NA,NA,NA,NA,NA,"",NA,NA,NA,NA,NA,NA,"R1808042","ALSRNY","05-COHO-11.1-08232018-W","WS","N","Field","","R1808042","08/23/2018 13:00:00","Unknown",NA,NA,NA,NA,NA,"08/24/2018",NA,"NYSDEC",NA,NA,"SC",NA,"n",NA,NA,NA,NA,NA,NA,"05-COHO-11.1","N"
"05-COHO-11.1-08232018-W","SM 2320 B","08/28/2018 18:52:00","T",NA,"initial","WS","LB",NA,NA,1,"","",NA,NA,"ALSRNY","quant","R1808042-011",NA,0,"mL",NA,NA,NA,NA,NA,"","ALK","ALKALINITY, TOTAL (AS CaCO3)",87.2,NA,"TRG","Yes","Y","",NA,"",NA,1,NA,2,"mg/l","mg/l",NA,1,NA,NA,NA,NA,"",NA,NA,NA,NA,NA,NA,NA,NA,"",NA,NA,NA,NA,NA,NA,"R1808042","ALSRNY","05-COHO-11.1-08232018-W","WS","N","Field","","R1808042","08/23/2018 13:00:00","Unknown",NA,NA,NA,NA,NA,"08/24/2018",NA,"NYSDEC",NA,NA,"SC",NA,"n",NA,NA,NA,NA,NA,NA,"05-COHO-11.1","N"
"05-COHO-11.1-08232018-W","D6919-09","09/09/2018 22:45:00","T",NA,"initial","WS","LB",NA,NA,1,"","",NA,NA,"ALSRNY","quant","R1808042-011",NA,10,"mL",NA,NA,NA,NA,10,"mL","7664-41-7","Nitrogen, ammonia (As N)",0.0208,NA,"TRG","Yes","Y","",NA,"",NA,8e-04,NA,0.005,"mg/l","mg/l",NA,8e-04,NA,NA,NA,NA,"",NA,NA,NA,NA,NA,NA,NA,NA,"",NA,NA,NA,NA,NA,NA,"R1808042","ALSRNY","05-COHO-11.1-08232018-W","WS","N","Field","","R1808042","08/23/2018 13:00:00","Unknown",NA,NA,NA,NA,NA,"08/24/2018",NA,"NYSDEC",NA,NA,"SC",NA,"n",NA,NA,NA,NA,NA,NA,"05-COHO-11.1","N"
"05-COHO-11.1-08232018-W","E300.0","09/07/2018 09:05:00","T",NA,"initial","WS","LB",NA,NA,40,"","",NA,NA,"ALSRNY","quant","R1808042-011",NA,10,"mL",NA,NA,NA,NA,10,"mL","16887-00-6","CHLORIDE (AS CL)",126,NA,"TRG","Yes","Y","",NA,"",NA,0.5,NA,8,"mg/l","mg/l",NA,0.5,NA,NA,NA,NA,"",NA,NA,NA,NA,NA,NA,NA,NA,"",NA,NA,NA,NA,NA,NA,"R1808042","ALSRNY","05-COHO-11.1-08232018-W","WS","N","Field","","R1808042","08/23/2018 13:00:00","Unknown",NA,NA,NA,NA,NA,"08/24/2018",NA,"NYSDEC",NA,NA,"SC",NA,"n",NA,NA,NA,NA,NA,NA,"05-COHO-11.1","N"
"05-COHO-11.1-08232018-W","SM2340B","09/07/2018 16:05:00","T",NA,"initial","WS","LB",NA,NA,1,"","09/04/2018 00:00:00",NA,NA,"ALSRNY","quant","R1808042-011",NA,0,"mL",NA,NA,NA,NA,NA,"","HARD","HARDNESS (AS CACO3)",105,NA,"TRG","Yes","Y","",NA,"",NA,NA,NA,6.62,"mg/l","mg/l",NA,NA,NA,NA,NA,NA,"",NA,NA,NA,NA,NA,NA,NA,NA,"",NA,NA,NA,NA,NA,NA,"R1808042","ALSRNY","05-COHO-11.1-08232018-W","WS","N","Field","","R1808042","08/23/2018 13:00:00","Unknown",NA,NA,NA,NA,NA,"08/24/2018",NA,"NYSDEC",NA,NA,"SC",NA,"n",NA,NA,NA,NA,NA,NA,"05-COHO-11.1","N"
"05-COHO-11.1-08232018-W","Calculation","08/24/2018 21:06:00","T",NA,"initial","WS","LB",NA,NA,1,"","",NA,NA,"ALSRNY","quant","R1808042-011",NA,0,"mL",NA,NA,NA,NA,NA,"","14797-55-8","NITROGEN, NITRATE (AS N)",1.03,NA,"TRG","Yes","Y","",NA,"",NA,NA,NA,0.01,"mg/l","mg/l",NA,NA,NA,NA,NA,NA,"",NA,NA,NA,NA,NA,NA,NA,NA,"",NA,NA,NA,NA,NA,NA,"R1808042","ALSRNY","05-COHO-11.1-08232018-W","WS","N","Field","","R1808042","08/23/2018 13:00:00","Unknown",NA,NA,NA,NA,NA,"08/24/2018",NA,"NYSDEC",NA,NA,"SC",NA,"n",NA,NA,NA,NA,NA,NA,"05-COHO-11.1","N"
"05-COHO-11.1-08232018-W","E200.8","09/14/2018 15:04:00","T",NA,"initial","WS","LB",NA,NA,10,"E200.0","09/04/2018 00:00:00",NA,NA,"ALSRNY","quant","R1808042-011",NA,10,"mL",NA,NA,NA,NA,10,"mL","7429-90-5","Aluminum",392,NA,"TRG","Yes","Y","",NA,"",NA,23,NA,100,"ug/l","ug/l",NA,23,NA,NA,NA,NA,"",NA,NA,NA,NA,NA,NA,NA,NA,"",NA,NA,NA,NA,NA,NA,"R1808042","ALSRNY","05-COHO-11.1-08232018-W","WS","N","Field","","R1808042","08/23/2018 13:00:00","Unknown",NA,NA,NA,NA,NA,"08/24/2018",NA,"NYSDEC",NA,NA,"SC",NA,"n",NA,NA,NA,NA,NA,NA,"05-COHO-11.1","N"
"05-COHO-11.1-08232018-W","E200.8","09/11/2018 18:11:00","T",NA,"initial","WS","LB",NA,NA,1,"E200.0","09/04/2018 00:00:00",NA,NA,"ALSRNY","quant","R1808042-011",NA,10,"mL",NA,NA,NA,NA,10,"mL","7440-38-2","Arsenic",1.3,NA,"TRG","Yes","Y","",NA,"",NA,0.39,NA,1,"ug/l","ug/l",NA,0.39,NA,NA,NA,NA,"",NA,NA,NA,NA,NA,NA,NA,NA,"",NA,NA,NA,NA,NA,NA,"R1808042","ALSRNY","05-COHO-11.1-08232018-W","WS","N","Field","","R1808042","08/23/2018 13:00:00","Unknown",NA,NA,NA,NA,NA,"08/24/2018",NA,"NYSDEC",NA,NA,"SC",NA,"n",NA,NA,NA,NA,NA,NA,"05-COHO-11.1","N"
"05-COHO-11.1-08232018-W","E200.8","09/14/2018 15:55:00","T",NA,"initial","WS","LB",NA,NA,1,"E200.0","09/13/2018 00:00:00",NA,NA,"ALSRNY","quant","R1808042-011",NA,10,"mL",NA,NA,NA,NA,10,"mL","7440-43-9","Cadmium",NA,NA,"TRG","Yes","N","U",NA,"U",NA,0.064,0.064,1,"ug/l","ug/l",NA,0.064,NA,NA,NA,NA,"not detected",NA,NA,NA,NA,NA,NA,NA,NA,"",NA,NA,NA,NA,NA,NA,"R1808042","ALSRNY","05-COHO-11.1-08232018-W","WS","N","Field","","R1808042","08/23/2018 13:00:00","Unknown",NA,NA,NA,NA,NA,"08/24/2018",NA,"NYSDEC",NA,NA,"SC",NA,"n",NA,NA,NA,NA,NA,NA,"05-COHO-11.1","N"
"05-COHO-11.1-08232018-W","E200.8","09/11/2018 18:11:00","T",NA,"initial","WS","LB",NA,NA,1,"E200.0","09/04/2018 00:00:00",NA,NA,"ALSRNY","quant","R1808042-011",NA,10,"mL",NA,NA,NA,NA,10,"mL","7440-50-8","Copper",4,NA,"TRG","Yes","Y","",NA,"",NA,0.66,NA,1,"ug/l","ug/l",NA,0.66,NA,NA,NA,NA,"",NA,NA,NA,NA,NA,NA,NA,NA,"",NA,NA,NA,NA,NA,NA,"R1808042","ALSRNY","05-COHO-11.1-08232018-W","WS","N","Field","","R1808042","08/23/2018 13:00:00","Unknown",NA,NA,NA,NA,NA,"08/24/2018",NA,"NYSDEC",NA,NA,"SC",NA,"n",NA,NA,NA,NA,NA,NA,"05-COHO-11.1","N"
"05-COHO-11.1-08232018-W","E200.8","09/14/2018 15:55:00","T",NA,"initial","WS","LB",NA,NA,1,"E200.0","09/13/2018 00:00:00",NA,NA,"ALSRNY","quant","R1808042-011",NA,10,"mL",NA,NA,NA,NA,10,"mL","7439-92-1","Lead",0.67,NA,"TRG","Yes","Y","J",NA,"J",NA,0.067,NA,1,"ug/l","ug/l",NA,0.067,NA,NA,NA,NA,"",NA,NA,NA,NA,NA,NA,NA,NA,"",NA,NA,NA,NA,NA,NA,"R1808042","ALSRNY","05-COHO-11.1-08232018-W","WS","N","Field","","R1808042","08/23/2018 13:00:00","Unknown",NA,NA,NA,NA,NA,"08/24/2018",NA,"NYSDEC",NA,NA,"SC",NA,"n",NA,NA,NA,NA,NA,NA,"05-COHO-11.1","N"
"05-COHO-11.1-08232018-W","E200.7","09/07/2018 16:05:00","T",NA,"initial","WS","LB",NA,NA,1,"SW3010A","09/04/2018 00:00:00",NA,NA,"ALSRNY","quant","R1808042-011",NA,10,"mL",NA,NA,NA,NA,10,"mL","7440-70-2","Calcium",31200,NA,"TRG","Yes","Y","",NA,"",NA,110,NA,1000,"ug/l","ug/l",NA,110,NA,NA,NA,NA,"",NA,NA,NA,NA,NA,NA,NA,NA,"",NA,NA,NA,NA,NA,NA,"R1808042","ALSRNY","05-COHO-11.1-08232018-W","WS","N","Field","","R1808042","08/23/2018 13:00:00","Unknown",NA,NA,NA,NA,NA,"08/24/2018",NA,"NYSDEC",NA,NA,"SC",NA,"n",NA,NA,NA,NA,NA,NA,"05-COHO-11.1","N"
"05-COHO-11.1-08232018-W","E200.8","09/11/2018 18:11:00","T",NA,"initial","WS","LB",NA,NA,1,"E200.0","09/04/2018 00:00:00",NA,NA,"ALSRNY","quant","R1808042-011",NA,10,"mL",NA,NA,NA,NA,10,"mL","7440-02-0","Nickel",1.5,NA,"TRG","Yes","Y","",NA,"",NA,0.26,NA,1,"ug/l","ug/l",NA,0.26,NA,NA,NA,NA,"",NA,NA,NA,NA,NA,NA,NA,NA,"",NA,NA,NA,NA,NA,NA,"R1808042","ALSRNY","05-COHO-11.1-08232018-W","WS","N","Field","","R1808042","08/23/2018 13:00:00","Unknown",NA,NA,NA,NA,NA,"08/24/2018",NA,"NYSDEC",NA,NA,"SC",NA,"n",NA,NA,NA,NA,NA,NA,"05-COHO-11.1","N"
"05-COHO-11.1-08232018-W","E200.8","09/11/2018 18:11:00","T",NA,"initial","WS","LB",NA,NA,1,"E200.0","09/04/2018 00:00:00",NA,NA,"ALSRNY","quant","R1808042-011",NA,10,"mL",NA,NA,NA,NA,10,"mL","7440-22-4","Silver",NA,NA,"TRG","Yes","N","U",NA,"U",NA,0.039,0.039,1,"ug/l","ug/l",NA,0.039,NA,NA,NA,NA,"not detected",NA,NA,NA,NA,NA,NA,NA,NA,"",NA,NA,NA,NA,NA,NA,"R1808042","ALSRNY","05-COHO-11.1-08232018-W","WS","N","Field","","R1808042","08/23/2018 13:00:00","Unknown",NA,NA,NA,NA,NA,"08/24/2018",NA,"NYSDEC",NA,NA,"SC",NA,"n",NA,NA,NA,NA,NA,NA,"05-COHO-11.1","N"
"05-COHO-11.1-08232018-W","E200.7","09/07/2018 16:05:00","T",NA,"initial","WS","LB",NA,NA,1,"SW3010A","09/04/2018 00:00:00",NA,NA,"ALSRNY","quant","R1808042-011",NA,10,"mL",NA,NA,NA,NA,10,"mL","7439-89-6","Iron",778,NA,"TRG","Yes","Y","",NA,"",NA,13,NA,100,"ug/l","ug/l",NA,13,NA,NA,NA,NA,"",NA,NA,NA,NA,NA,NA,NA,NA,"",NA,NA,NA,NA,NA,NA,"R1808042","ALSRNY","05-COHO-11.1-08232018-W","WS","N","Field","","R1808042","08/23/2018 13:00:00","Unknown",NA,NA,NA,NA,NA,"08/24/2018",NA,"NYSDEC",NA,NA,"SC",NA,"n",NA,NA,NA,NA,NA,NA,"05-COHO-11.1","N"
"05-COHO-11.1-08232018-W","E200.8","09/11/2018 18:11:00","T",NA,"initial","WS","LB",NA,NA,1,"E200.0","09/04/2018 00:00:00",NA,NA,"ALSRNY","quant","R1808042-011",NA,10,"mL",NA,NA,NA,NA,10,"mL","7440-66-6","Zinc",3.1,NA,"TRG","Yes","Y","J",NA,"J",NA,2.5,NA,5,"ug/l","ug/l",NA,2.5,NA,NA,NA,NA,"",NA,NA,NA,NA,NA,NA,NA,NA,"",NA,NA,NA,NA,NA,NA,"R1808042","ALSRNY","05-COHO-11.1-08232018-W","WS","N","Field","","R1808042","08/23/2018 13:00:00","Unknown",NA,NA,NA,NA,NA,"08/24/2018",NA,"NYSDEC",NA,NA,"SC",NA,"n",NA,NA,NA,NA,NA,NA,"05-COHO-11.1","N"
"05-COHO-11.1-08232018-W","E200.7","09/07/2018 16:05:00","T",NA,"initial","WS","LB",NA,NA,1,"SW3010A","09/04/2018 00:00:00",NA,NA,"ALSRNY","quant","R1808042-011",NA,10,"mL",NA,NA,NA,NA,10,"mL","7439-95-4","Magnesium",6640,NA,"TRG","Yes","Y","",NA,"",NA,29,NA,1000,"ug/l","ug/l",NA,29,NA,NA,NA,NA,"",NA,NA,NA,NA,NA,NA,NA,NA,"",NA,NA,NA,NA,NA,NA,"R1808042","ALSRNY","05-COHO-11.1-08232018-W","WS","N","Field","","R1808042","08/23/2018 13:00:00","Unknown",NA,NA,NA,NA,NA,"08/24/2018",NA,"NYSDEC",NA,NA,"SC",NA,"n",NA,NA,NA,NA,NA,NA,"05-COHO-11.1","N"
"05-COHO-11.1-08232018-W","E180.1","08/24/2018 12:00:00","T",NA,"initial","WS","LB",NA,NA,1,"","",NA,NA,"ALSRNY","quant","R1808042-011",NA,NA,"",NA,NA,NA,NA,NA,"","TURB","TURBIDITY",9.22,NA,"TRG","Yes","Y","",NA,"",NA,0.06,NA,0.1,"ntu","ntu",NA,0.06,NA,NA,NA,NA,"",NA,NA,NA,NA,NA,NA,NA,NA,"",NA,NA,NA,NA,NA,NA,"R1808042","ALSRNY","05-COHO-11.1-08232018-W","WS","N","Field","","R1808042","08/23/2018 13:00:00","Unknown",NA,NA,NA,NA,NA,"08/24/2018",NA,"NYSDEC",NA,NA,"SC",NA,"n",NA,NA,NA,NA,NA,NA,"05-COHO-11.1","N"
"05-COHO-11.1-08232018-W","E365.1","09/10/2018 16:32:00","T",NA,"initial","WS","LB",NA,NA,1,"METHOD","09/06/2018 19:15:00",NA,NA,"ALSRNY","quant","R1808042-011",NA,20,"mL",NA,NA,NA,NA,20,"mL","7723-14-0","PHOSPHORUS, TOTAL (AS P)",0.0541,NA,"TRG","Yes","Y","",NA,"",NA,0.002,NA,0.005,"mg/l","mg/l",NA,0.002,NA,NA,NA,NA,"",NA,NA,NA,NA,NA,NA,NA,NA,"",NA,NA,NA,NA,NA,NA,"R1808042","ALSRNY","05-COHO-11.1-08232018-W","WS","N","Field","","R1808042","08/23/2018 13:00:00","Unknown",NA,NA,NA,NA,NA,"08/24/2018",NA,"NYSDEC",NA,NA,"SC",NA,"n",NA,NA,NA,NA,NA,NA,"05-COHO-11.1","N"
"05-COHO-17.3-08232018-W","E353.2","09/13/2018 10:20:00","T",NA,"initial","WS","LB",NA,NA,1,"","",NA,NA,"ALSRNY","quant","R1808042-010",NA,10,"mL",NA,NA,NA,NA,10,"mL","NO3NO2N","Nitrate+Nitrite as Nitrogen",1.2,NA,"TRG","Yes","Y","",NA,"",NA,7e-04,NA,0.002,"mg/l","mg/l",NA,7e-04,NA,NA,NA,NA,"",NA,NA,NA,NA,NA,NA,NA,NA,"",NA,NA,NA,NA,NA,NA,"R1808042","ALSRNY","05-COHO-17.3-08232018-W","WS","N","Field","","R1808042","08/23/2018 12:40:00","Unknown",NA,NA,NA,NA,NA,"08/24/2018",NA,"NYSDEC",NA,NA,"SC",NA,"n",NA,NA,NA,NA,NA,NA,"05-COHO-17.3","N"
"05-COHO-17.3-08232018-W","E353.2","08/24/2018 21:05:00","T",NA,"initial","WS","LB",NA,NA,1,"","",NA,NA,"ALSRNY","quant","R1808042-010",NA,10,"mL",NA,NA,NA,NA,10,"mL","14797-65-0","NITROGEN, NITRITE",NA,NA,"TRG","Yes","N","U",NA,"U",NA,0.007,0.007,0.01,"mg/l","mg/l",NA,0.007,NA,NA,NA,NA,"not detected",NA,NA,NA,NA,NA,NA,NA,NA,"",NA,NA,NA,NA,NA,NA,"R1808042","ALSRNY","05-COHO-17.3-08232018-W","WS","N","Field","","R1808042","08/23/2018 12:40:00","Unknown",NA,NA,NA,NA,NA,"08/24/2018",NA,"NYSDEC",NA,NA,"SC",NA,"n",NA,NA,NA,NA,NA,NA,"05-COHO-17.3","N"
"05-COHO-17.3-08232018-W","SM 2320 B","08/28/2018 18:46:00","T",NA,"initial","WS","LB",NA,NA,1,"","",NA,NA,"ALSRNY","quant","R1808042-010",NA,0,"mL",NA,NA,NA,NA,NA,"","ALK","ALKALINITY, TOTAL (AS CaCO3)",84.8,NA,"TRG","Yes","Y","",NA,"",NA,1,NA,2,"mg/l","mg/l",NA,1,NA,NA,NA,NA,"",NA,NA,NA,NA,NA,NA,NA,NA,"",NA,NA,NA,NA,NA,NA,"R1808042","ALSRNY","05-COHO-17.3-08232018-W","WS","N","Field","","R1808042","08/23/2018 12:40:00","Unknown",NA,NA,NA,NA,NA,"08/24/2018",NA,"NYSDEC",NA,NA,"SC",NA,"n",NA,NA,NA,NA,NA,NA,"05-COHO-17.3","N"
"05-COHO-17.3-08232018-W","D6919-09","09/09/2018 22:29:00","T",NA,"initial","WS","LB",NA,NA,1,"","",NA,NA,"ALSRNY","quant","R1808042-010",NA,10,"mL",NA,NA,NA,NA,10,"mL","7664-41-7","Nitrogen, ammonia (As N)",0.0181,NA,"TRG","Yes","Y","",NA,"",NA,8e-04,NA,0.005,"mg/l","mg/l",NA,8e-04,NA,NA,NA,NA,"",NA,NA,NA,NA,NA,NA,NA,NA,"",NA,NA,NA,NA,NA,NA,"R1808042","ALSRNY","05-COHO-17.3-08232018-W","WS","N","Field","","R1808042","08/23/2018 12:40:00","Unknown",NA,NA,NA,NA,NA,"08/24/2018",NA,"NYSDEC",NA,NA,"SC",NA,"n",NA,NA,NA,NA,NA,NA,"05-COHO-17.3","N"
"05-COHO-17.3-08232018-W","E300.0","09/06/2018 23:21:00","T",NA,"initial","WS","LB",NA,NA,10,"","",NA,NA,"ALSRNY","quant","R1808042-010",NA,10,"mL",NA,NA,NA,NA,10,"mL","16887-00-6","CHLORIDE (AS CL)",29.9,NA,"TRG","Yes","Y","",NA,"",NA,0.2,NA,2,"mg/l","mg/l",NA,0.2,NA,NA,NA,NA,"",NA,NA,NA,NA,NA,NA,NA,NA,"",NA,NA,NA,NA,NA,NA,"R1808042","ALSRNY","05-COHO-17.3-08232018-W","WS","N","Field","","R1808042","08/23/2018 12:40:00","Unknown",NA,NA,NA,NA,NA,"08/24/2018",NA,"NYSDEC",NA,NA,"SC",NA,"n",NA,NA,NA,NA,NA,NA,"05-COHO-17.3","N"
"05-COHO-17.3-08232018-W","SM2340B","09/07/2018 16:02:00","T",NA,"initial","WS","LB",NA,NA,1,"","09/04/2018 00:00:00",NA,NA,"ALSRNY","quant","R1808042-010",NA,0,"mL",NA,NA,NA,NA,NA,"","HARD","HARDNESS (AS CACO3)",101,NA,"TRG","Yes","Y","",NA,"",NA,NA,NA,6.62,"mg/l","mg/l",NA,NA,NA,NA,NA,NA,"",NA,NA,NA,NA,NA,NA,NA,NA,"",NA,NA,NA,NA,NA,NA,"R1808042","ALSRNY","05-COHO-17.3-08232018-W","WS","N","Field","","R1808042","08/23/2018 12:40:00","Unknown",NA,NA,NA,NA,NA,"08/24/2018",NA,"NYSDEC",NA,NA,"SC",NA,"n",NA,NA,NA,NA,NA,NA,"05-COHO-17.3","N"
"05-COHO-17.3-08232018-W","Calculation","08/24/2018 21:05:00","T",NA,"initial","WS","LB",NA,NA,1,"","",NA,NA,"ALSRNY","quant","R1808042-010",NA,0,"mL",NA,NA,NA,NA,NA,"","14797-55-8","NITROGEN, NITRATE (AS N)",1.2,NA,"TRG","Yes","Y","",NA,"",NA,NA,NA,0.01,"mg/l","mg/l",NA,NA,NA,NA,NA,NA,"",NA,NA,NA,NA,NA,NA,NA,NA,"",NA,NA,NA,NA,NA,NA,"R1808042","ALSRNY","05-COHO-17.3-08232018-W","WS","N","Field","","R1808042","08/23/2018 12:40:00","Unknown",NA,NA,NA,NA,NA,"08/24/2018",NA,"NYSDEC",NA,NA,"SC",NA,"n",NA,NA,NA,NA,NA,NA,"05-COHO-17.3","N"
"05-COHO-17.3-08232018-W","E200.8","09/14/2018 15:02:00","T",NA,"initial","WS","LB",NA,NA,10,"E200.0","09/04/2018 00:00:00",NA,NA,"ALSRNY","quant","R1808042-010",NA,10,"mL",NA,NA,NA,NA,10,"mL","7429-90-5","Aluminum",380,NA,"TRG","Yes","Y","",NA,"",NA,23,NA,100,"ug/l","ug/l",NA,23,NA,NA,NA,NA,"",NA,NA,NA,NA,NA,NA,NA,NA,"",NA,NA,NA,NA,NA,NA,"R1808042","ALSRNY","05-COHO-17.3-08232018-W","WS","N","Field","","R1808042","08/23/2018 12:40:00","Unknown",NA,NA,NA,NA,NA,"08/24/2018",NA,"NYSDEC",NA,NA,"SC",NA,"n",NA,NA,NA,NA,NA,NA,"05-COHO-17.3","N"
"05-COHO-17.3-08232018-W","E200.8","09/11/2018 18:06:00","T",NA,"initial","WS","LB",NA,NA,1,"E200.0","09/04/2018 00:00:00",NA,NA,"ALSRNY","quant","R1808042-010",NA,10,"mL",NA,NA,NA,NA,10,"mL","7440-38-2","Arsenic",1.2,NA,"TRG","Yes","Y","",NA,"",NA,0.39,NA,1,"ug/l","ug/l",NA,0.39,NA,NA,NA,NA,"",NA,NA,NA,NA,NA,NA,NA,NA,"",NA,NA,NA,NA,NA,NA,"R1808042","ALSRNY","05-COHO-17.3-08232018-W","WS","N","Field","","R1808042","08/23/2018 12:40:00","Unknown",NA,NA,NA,NA,NA,"08/24/2018",NA,"NYSDEC",NA,NA,"SC",NA,"n",NA,NA,NA,NA,NA,NA,"05-COHO-17.3","N"
"05-COHO-17.3-08232018-W","Calculation","09/14/2018 16:58:00","T",NA,"initial","WS","LB",NA,NA,1,"","09/13/2018 00:00:00",NA,NA,"ALSRNY","quant","R1808042-010",NA,0,"mL",NA,NA,NA,NA,NA,"","KN","Nitrogen",1.96,NA,"TRG","Yes","Y","",NA,"",NA,NA,NA,0.1,"mg/l","mg/l",NA,NA,NA,NA,NA,NA,"",NA,NA,NA,NA,NA,NA,NA,NA,"",NA,NA,NA,NA,NA,NA,"R1808042","ALSRNY","05-COHO-17.3-08232018-W","WS","N","Field","","R1808042","08/23/2018 12:40:00","Unknown",NA,NA,NA,NA,NA,"08/24/2018",NA,"NYSDEC",NA,NA,"SC",NA,"n",NA,NA,NA,NA,NA,NA,"05-COHO-17.3","N"
"05-COHO-17.3-08232018-W","E351.2","09/14/2018 16:58:00","T",NA,"initial","WS","LB",NA,NA,1,"METHOD","09/13/2018 15:06:00",NA,NA,"ALSRNY","quant","R1808042-010",NA,20,"mL",NA,NA,NA,NA,20,"mL","KN","NITROGEN, KJELDAHL, TOTAL",0.76,NA,"TRG","Yes","Y","",NA,"",NA,0.08,NA,0.1,"mg/l","mg/l",NA,0.08,NA,NA,NA,NA,"",NA,NA,NA,NA,NA,NA,NA,NA,"",NA,NA,NA,NA,NA,NA,"R1808042","ALSRNY","05-COHO-17.3-08232018-W","WS","N","Field","","R1808042","08/23/2018 12:40:00","Unknown",NA,NA,NA,NA,NA,"08/24/2018",NA,"NYSDEC",NA,NA,"SC",NA,"n",NA,NA,NA,NA,NA,NA,"05-COHO-17.3","N"
"05-COHO-17.3-08232018-W","E365.1","09/10/2018 16:31:00","T",NA,"initial","WS","LB",NA,NA,1,"METHOD","09/06/2018 19:15:00",NA,NA,"ALSRNY","quant","R1808042-010",NA,20,"mL",NA,NA,NA,NA,20,"mL","7723-14-0","PHOSPHORUS, TOTAL (AS P)",0.0522,NA,"TRG","Yes","Y","",NA,"",NA,0.002,NA,0.005,"mg/l","mg/l",NA,0.002,NA,NA,NA,NA,"",NA,NA,NA,NA,NA,NA,NA,NA,"",NA,NA,NA,NA,NA,NA,"R1808042","ALSRNY","05-COHO-17.3-08232018-W","WS","N","Field","","R1808042","08/23/2018 12:40:00","Unknown",NA,NA,NA,NA,NA,"08/24/2018",NA,"NYSDEC",NA,NA,"SC",NA,"n",NA,NA,NA,NA,NA,NA,"05-COHO-17.3","N"
"05-COHO-17.3-08232018-W","E180.1","08/24/2018 12:00:00","T",NA,"initial","WS","LB",NA,NA,1,"","",NA,NA,"ALSRNY","quant","R1808042-010",NA,NA,"",NA,NA,NA,NA,NA,"","TURB","TURBIDITY",7.33,NA,"TRG","Yes","Y","",NA,"",NA,0.06,NA,0.1,"ntu","ntu",NA,0.06,NA,NA,NA,NA,"",NA,NA,NA,NA,NA,NA,NA,NA,"",NA,NA,NA,NA,NA,NA,"R1808042","ALSRNY","05-COHO-17.3-08232018-W","WS","N","Field","","R1808042","08/23/2018 12:40:00","Unknown",NA,NA,NA,NA,NA,"08/24/2018",NA,"NYSDEC",NA,NA,"SC",NA,"n",NA,NA,NA,NA,NA,NA,"05-COHO-17.3","N"
"05-COHO-17.3-08232018-W","E200.8","09/11/2018 18:06:00","T",NA,"initial","WS","LB",NA,NA,1,"E200.0","09/04/2018 00:00:00",NA,NA,"ALSRNY","quant","R1808042-010",NA,10,"mL",NA,NA,NA,NA,10,"mL","7440-02-0","Nickel",1.3,NA,"TRG","Yes","Y","",NA,"",NA,0.26,NA,1,"ug/l","ug/l",NA,0.26,NA,NA,NA,NA,"",NA,NA,NA,NA,NA,NA,NA,NA,"",NA,NA,NA,NA,NA,NA,"R1808042","ALSRNY","05-COHO-17.3-08232018-W","WS","N","Field","","R1808042","08/23/2018 12:40:00","Unknown",NA,NA,NA,NA,NA,"08/24/2018",NA,"NYSDEC",NA,NA,"SC",NA,"n",NA,NA,NA,NA,NA,NA,"05-COHO-17.3","N"
"05-COHO-17.3-08232018-W","E200.8","09/11/2018 18:06:00","T",NA,"initial","WS","LB",NA,NA,1,"E200.0","09/04/2018 00:00:00",NA,NA,"ALSRNY","quant","R1808042-010",NA,10,"mL",NA,NA,NA,NA,10,"mL","7440-22-4","Silver",NA,NA,"TRG","Yes","N","U",NA,"U",NA,0.039,0.039,1,"ug/l","ug/l",NA,0.039,NA,NA,NA,NA,"not detected",NA,NA,NA,NA,NA,NA,NA,NA,"",NA,NA,NA,NA,NA,NA,"R1808042","ALSRNY","05-COHO-17.3-08232018-W","WS","N","Field","","R1808042","08/23/2018 12:40:00","Unknown",NA,NA,NA,NA,NA,"08/24/2018",NA,"NYSDEC",NA,NA,"SC",NA,"n",NA,NA,NA,NA,NA,NA,"05-COHO-17.3","N"
"05-COHO-17.3-08232018-W","E200.7","09/07/2018 16:02:00","T",NA,"initial","WS","LB",NA,NA,1,"SW3010A","09/04/2018 00:00:00",NA,NA,"ALSRNY","quant","R1808042-010",NA,10,"mL",NA,NA,NA,NA,10,"mL","7439-89-6","Iron",704,NA,"TRG","Yes","Y","",NA,"",NA,13,NA,100,"ug/l","ug/l",NA,13,NA,NA,NA,NA,"",NA,NA,NA,NA,NA,NA,NA,NA,"",NA,NA,NA,NA,NA,NA,"R1808042","ALSRNY","05-COHO-17.3-08232018-W","WS","N","Field","","R1808042","08/23/2018 12:40:00","Unknown",NA,NA,NA,NA,NA,"08/24/2018",NA,"NYSDEC",NA,NA,"SC",NA,"n",NA,NA,NA,NA,NA,NA,"05-COHO-17.3","N"
"05-COHO-17.3-08232018-W","E200.8","09/11/2018 18:06:00","T",NA,"initial","WS","LB",NA,NA,1,"E200.0","09/04/2018 00:00:00",NA,NA,"ALSRNY","quant","R1808042-010",NA,10,"mL",NA,NA,NA,NA,10,"mL","7440-66-6","Zinc",3.3,NA,"TRG","Yes","Y","J",NA,"J",NA,2.5,NA,5,"ug/l","ug/l",NA,2.5,NA,NA,NA,NA,"",NA,NA,NA,NA,NA,NA,NA,NA,"",NA,NA,NA,NA,NA,NA,"R1808042","ALSRNY","05-COHO-17.3-08232018-W","WS","N","Field","","R1808042","08/23/2018 12:40:00","Unknown",NA,NA,NA,NA,NA,"08/24/2018",NA,"NYSDEC",NA,NA,"SC",NA,"n",NA,NA,NA,NA,NA,NA,"05-COHO-17.3","N"
"05-COHO-17.3-08232018-W","E200.7","09/07/2018 16:02:00","T",NA,"initial","WS","LB",NA,NA,1,"SW3010A","09/04/2018 00:00:00",NA,NA,"ALSRNY","quant","R1808042-010",NA,10,"mL",NA,NA,NA,NA,10,"mL","7439-95-4","Magnesium",6570,NA,"TRG","Yes","Y","",NA,"",NA,29,NA,1000,"ug/l","ug/l",NA,29,NA,NA,NA,NA,"",NA,NA,NA,NA,NA,NA,NA,NA,"",NA,NA,NA,NA,NA,NA,"R1808042","ALSRNY","05-COHO-17.3-08232018-W","WS","N","Field","","R1808042","08/23/2018 12:40:00","Unknown",NA,NA,NA,NA,NA,"08/24/2018",NA,"NYSDEC",NA,NA,"SC",NA,"n",NA,NA,NA,NA,NA,NA,"05-COHO-17.3","N"
"05-COHO-17.3-08232018-W","E200.8","09/14/2018 15:54:00","T",NA,"initial","WS","LB",NA,NA,1,"E200.0","09/13/2018 00:00:00",NA,NA,"ALSRNY","quant","R1808042-010",NA,10,"mL",NA,NA,NA,NA,10,"mL","7440-43-9","Cadmium",0.067,NA,"TRG","Yes","Y","J",NA,"J",NA,0.064,NA,1,"ug/l","ug/l",NA,0.064,NA,NA,NA,NA,"",NA,NA,NA,NA,NA,NA,NA,NA,"",NA,NA,NA,NA,NA,NA,"R1808042","ALSRNY","05-COHO-17.3-08232018-W","WS","N","Field","","R1808042","08/23/2018 12:40:00","Unknown",NA,NA,NA,NA,NA,"08/24/2018",NA,"NYSDEC",NA,NA,"SC",NA,"n",NA,NA,NA,NA,NA,NA,"05-COHO-17.3","N"
"05-COHO-17.3-08232018-W","E200.8","09/11/2018 18:06:00","T",NA,"initial","WS","LB",NA,NA,1,"E200.0","09/04/2018 00:00:00",NA,NA,"ALSRNY","quant","R1808042-010",NA,10,"mL",NA,NA,NA,NA,10,"mL","7440-50-8","Copper",2.3,NA,"TRG","Yes","Y","",NA,"",NA,0.66,NA,1,"ug/l","ug/l",NA,0.66,NA,NA,NA,NA,"",NA,NA,NA,NA,NA,NA,NA,NA,"",NA,NA,NA,NA,NA,NA,"R1808042","ALSRNY","05-COHO-17.3-08232018-W","WS","N","Field","","R1808042","08/23/2018 12:40:00","Unknown",NA,NA,NA,NA,NA,"08/24/2018",NA,"NYSDEC",NA,NA,"SC",NA,"n",NA,NA,NA,NA,NA,NA,"05-COHO-17.3","N"
"05-COHO-17.3-08232018-W","E200.8","09/14/2018 15:54:00","T",NA,"initial","WS","LB",NA,NA,1,"E200.0","09/13/2018 00:00:00",NA,NA,"ALSRNY","quant","R1808042-010",NA,10,"mL",NA,NA,NA,NA,10,"mL","7439-92-1","Lead",0.61,NA,"TRG","Yes","Y","J",NA,"J",NA,0.067,NA,1,"ug/l","ug/l",NA,0.067,NA,NA,NA,NA,"",NA,NA,NA,NA,NA,NA,NA,NA,"",NA,NA,NA,NA,NA,NA,"R1808042","ALSRNY","05-COHO-17.3-08232018-W","WS","N","Field","","R1808042","08/23/2018 12:40:00","Unknown",NA,NA,NA,NA,NA,"08/24/2018",NA,"NYSDEC",NA,NA,"SC",NA,"n",NA,NA,NA,NA,NA,NA,"05-COHO-17.3","N"
"05-COHO-17.3-08232018-W","E200.7","09/07/2018 16:02:00","T",NA,"initial","WS","LB",NA,NA,1,"SW3010A","09/04/2018 00:00:00",NA,NA,"ALSRNY","quant","R1808042-010",NA,10,"mL",NA,NA,NA,NA,10,"mL","7440-70-2","Calcium",29600,NA,"TRG","Yes","Y","",NA,"",NA,110,NA,1000,"ug/l","ug/l",NA,110,NA,NA,NA,NA,"",NA,NA,NA,NA,NA,NA,NA,NA,"",NA,NA,NA,NA,NA,NA,"R1808042","ALSRNY","05-COHO-17.3-08232018-W","WS","N","Field","","R1808042","08/23/2018 12:40:00","Unknown",NA,NA,NA,NA,NA,"08/24/2018",NA,"NYSDEC",NA,NA,"SC",NA,"n",NA,NA,NA,NA,NA,NA,"05-COHO-17.3","N"
"05-COHO-23.6-08232018-W","SM 2320 B","08/28/2018 18:41:00","T",NA,"initial","WS","LB",NA,NA,1,"","",NA,NA,"ALSRNY","quant","R1808042-009",NA,0,"mL",NA,NA,NA,NA,NA,"","ALK","ALKALINITY, TOTAL (AS CaCO3)",79.2,NA,"TRG","Yes","Y","",NA,"",NA,1,NA,2,"mg/l","mg/l",NA,1,NA,NA,NA,NA,"",NA,NA,NA,NA,NA,NA,NA,NA,"",NA,NA,NA,NA,NA,NA,"R1808042","ALSRNY","05-COHO-23.6-08232018-W","WS","N","Field","","R1808042","08/23/2018 12:00:00","Unknown",NA,NA,NA,NA,NA,"08/24/2018",NA,"NYSDEC",NA,NA,"SC",NA,"n",NA,NA,NA,NA,NA,NA,"05-COHO-23.6","N"
"05-COHO-23.6-08232018-W","D6919-09","09/09/2018 22:13:00","T",NA,"initial","WS","LB",NA,NA,1,"","",NA,NA,"ALSRNY","quant","R1808042-009",NA,10,"mL",NA,NA,NA,NA,10,"mL","7664-41-7","Nitrogen, ammonia (As N)",0.0139,NA,"TRG","Yes","Y","",NA,"",NA,8e-04,NA,0.005,"mg/l","mg/l",NA,8e-04,NA,NA,NA,NA,"",NA,NA,NA,NA,NA,NA,NA,NA,"",NA,NA,NA,NA,NA,NA,"R1808042","ALSRNY","05-COHO-23.6-08232018-W","WS","N","Field","","R1808042","08/23/2018 12:00:00","Unknown",NA,NA,NA,NA,NA,"08/24/2018",NA,"NYSDEC",NA,NA,"SC",NA,"n",NA,NA,NA,NA,NA,NA,"05-COHO-23.6","N"
"05-COHO-23.6-08232018-W","E300.0","09/06/2018 23:00:00","T",NA,"initial","WS","LB",NA,NA,10,"","",NA,NA,"ALSRNY","quant","R1808042-009",NA,10,"mL",NA,NA,NA,NA,10,"mL","16887-00-6","CHLORIDE (AS CL)",25.5,NA,"TRG","Yes","Y","",NA,"",NA,0.2,NA,2,"mg/l","mg/l",NA,0.2,NA,NA,NA,NA,"",NA,NA,NA,NA,NA,NA,NA,NA,"",NA,NA,NA,NA,NA,NA,"R1808042","ALSRNY","05-COHO-23.6-08232018-W","WS","N","Field","","R1808042","08/23/2018 12:00:00","Unknown",NA,NA,NA,NA,NA,"08/24/2018",NA,"NYSDEC",NA,NA,"SC",NA,"n",NA,NA,NA,NA,NA,NA,"05-COHO-23.6","N"
"05-COHO-23.6-08232018-W","SM2340B","09/07/2018 15:59:00","T",NA,"initial","WS","LB",NA,NA,1,"","09/04/2018 00:00:00",NA,NA,"ALSRNY","quant","R1808042-009",NA,0,"mL",NA,NA,NA,NA,NA,"","HARD","HARDNESS (AS CACO3)",96.5,NA,"TRG","Yes","Y","",NA,"",NA,NA,NA,6.62,"mg/l","mg/l",NA,NA,NA,NA,NA,NA,"",NA,NA,NA,NA,NA,NA,NA,NA,"",NA,NA,NA,NA,NA,NA,"R1808042","ALSRNY","05-COHO-23.6-08232018-W","WS","N","Field","","R1808042","08/23/2018 12:00:00","Unknown",NA,NA,NA,NA,NA,"08/24/2018",NA,"NYSDEC",NA,NA,"SC",NA,"n",NA,NA,NA,NA,NA,NA,"05-COHO-23.6","N"
"05-COHO-23.6-08232018-W","Calculation","08/24/2018 21:04:00","T",NA,"initial","WS","LB",NA,NA,1,"","",NA,NA,"ALSRNY","quant","R1808042-009",NA,0,"mL",NA,NA,NA,NA,NA,"","14797-55-8","NITROGEN, NITRATE (AS N)",1.26,NA,"TRG","Yes","Y","",NA,"",NA,NA,NA,0.01,"mg/l","mg/l",NA,NA,NA,NA,NA,NA,"",NA,NA,NA,NA,NA,NA,NA,NA,"",NA,NA,NA,NA,NA,NA,"R1808042","ALSRNY","05-COHO-23.6-08232018-W","WS","N","Field","","R1808042","08/23/2018 12:00:00","Unknown",NA,NA,NA,NA,NA,"08/24/2018",NA,"NYSDEC",NA,NA,"SC",NA,"n",NA,NA,NA,NA,NA,NA,"05-COHO-23.6","N"
"05-COHO-23.6-08232018-W","E353.2","09/13/2018 10:18:00","T",NA,"initial","WS","LB",NA,NA,1,"","",NA,NA,"ALSRNY","quant","R1808042-009",NA,10,"mL",NA,NA,NA,NA,10,"mL","NO3NO2N","Nitrate+Nitrite as Nitrogen",1.26,NA,"TRG","Yes","Y","",NA,"",NA,7e-04,NA,0.002,"mg/l","mg/l",NA,7e-04,NA,NA,NA,NA,"",NA,NA,NA,NA,NA,NA,NA,NA,"",NA,NA,NA,NA,NA,NA,"R1808042","ALSRNY","05-COHO-23.6-08232018-W","WS","N","Field","","R1808042","08/23/2018 12:00:00","Unknown",NA,NA,NA,NA,NA,"08/24/2018",NA,"NYSDEC",NA,NA,"SC",NA,"n",NA,NA,NA,NA,NA,NA,"05-COHO-23.6","N"
"05-COHO-23.6-08232018-W","E353.2","08/24/2018 21:04:00","T",NA,"initial","WS","LB",NA,NA,1,"","",NA,NA,"ALSRNY","quant","R1808042-009",NA,10,"mL",NA,NA,NA,NA,10,"mL","14797-65-0","NITROGEN, NITRITE",NA,NA,"TRG","Yes","N","U",NA,"U",NA,0.007,0.007,0.01,"mg/l","mg/l",NA,0.007,NA,NA,NA,NA,"not detected",NA,NA,NA,NA,NA,NA,NA,NA,"",NA,NA,NA,NA,NA,NA,"R1808042","ALSRNY","05-COHO-23.6-08232018-W","WS","N","Field","","R1808042","08/23/2018 12:00:00","Unknown",NA,NA,NA,NA,NA,"08/24/2018",NA,"NYSDEC",NA,NA,"SC",NA,"n",NA,NA,NA,NA,NA,NA,"05-COHO-23.6","N"
"05-COHO-23.6-08232018-W","Calculation","09/14/2018 16:57:00","T",NA,"initial","WS","LB",NA,NA,1,"","09/13/2018 00:00:00",NA,NA,"ALSRNY","quant","R1808042-009",NA,0,"mL",NA,NA,NA,NA,NA,"","KN","Nitrogen",1.9,NA,"TRG","Yes","Y","",NA,"",NA,NA,NA,0.1,"mg/l","mg/l",NA,NA,NA,NA,NA,NA,"",NA,NA,NA,NA,NA,NA,NA,NA,"",NA,NA,NA,NA,NA,NA,"R1808042","ALSRNY","05-COHO-23.6-08232018-W","WS","N","Field","","R1808042","08/23/2018 12:00:00","Unknown",NA,NA,NA,NA,NA,"08/24/2018",NA,"NYSDEC",NA,NA,"SC",NA,"n",NA,NA,NA,NA,NA,NA,"05-COHO-23.6","N"
"05-COHO-23.6-08232018-W","E351.2","09/14/2018 16:57:00","T",NA,"initial","WS","LB",NA,NA,1,"METHOD","09/13/2018 15:06:00",NA,NA,"ALSRNY","quant","R1808042-009",NA,20,"mL",NA,NA,NA,NA,20,"mL","KN","NITROGEN, KJELDAHL, TOTAL",0.64,NA,"TRG","Yes","Y","",NA,"",NA,0.08,NA,0.1,"mg/l","mg/l",NA,0.08,NA,NA,NA,NA,"",NA,NA,NA,NA,NA,NA,NA,NA,"",NA,NA,NA,NA,NA,NA,"R1808042","ALSRNY","05-COHO-23.6-08232018-W","WS","N","Field","","R1808042","08/23/2018 12:00:00","Unknown",NA,NA,NA,NA,NA,"08/24/2018",NA,"NYSDEC",NA,NA,"SC",NA,"n",NA,NA,NA,NA,NA,NA,"05-COHO-23.6","N"
"05-COHO-23.6-08232018-W","E365.1","09/10/2018 16:30:00","T",NA,"initial","WS","LB",NA,NA,1,"METHOD","09/06/2018 19:15:00",NA,NA,"ALSRNY","quant","R1808042-009",NA,20,"mL",NA,NA,NA,NA,20,"mL","7723-14-0","PHOSPHORUS, TOTAL (AS P)",0.0655,NA,"TRG","Yes","Y","",NA,"",NA,0.002,NA,0.005,"mg/l","mg/l",NA,0.002,NA,NA,NA,NA,"",NA,NA,NA,NA,NA,NA,NA,NA,"",NA,NA,NA,NA,NA,NA,"R1808042","ALSRNY","05-COHO-23.6-08232018-W","WS","N","Field","","R1808042","08/23/2018 12:00:00","Unknown",NA,NA,NA,NA,NA,"08/24/2018",NA,"NYSDEC",NA,NA,"SC",NA,"n",NA,NA,NA,NA,NA,NA,"05-COHO-23.6","N"
"05-COHO-23.6-08232018-W","E180.1","08/24/2018 12:00:00","T",NA,"initial","WS","LB",NA,NA,1,"","",NA,NA,"ALSRNY","quant","R1808042-009",NA,NA,"",NA,NA,NA,NA,NA,"","TURB","TURBIDITY",7.54,NA,"TRG","Yes","Y","",NA,"",NA,0.06,NA,0.1,"ntu","ntu",NA,0.06,NA,NA,NA,NA,"",NA,NA,NA,NA,NA,NA,NA,NA,"",NA,NA,NA,NA,NA,NA,"R1808042","ALSRNY","05-COHO-23.6-08232018-W","WS","N","Field","","R1808042","08/23/2018 12:00:00","Unknown",NA,NA,NA,NA,NA,"08/24/2018",NA,"NYSDEC",NA,NA,"SC",NA,"n",NA,NA,NA,NA,NA,NA,"05-COHO-23.6","N"
"05-COHO-23.6-08232018-W","E200.8","09/11/2018 18:04:00","T",NA,"initial","WS","LB",NA,NA,1,"E200.0","09/04/2018 00:00:00",NA,NA,"ALSRNY","quant","R1808042-009",NA,10,"mL",NA,NA,NA,NA,10,"mL","7440-02-0","Nickel",9,NA,"TRG","Yes","Y","",NA,"",NA,0.26,NA,1,"ug/l","ug/l",NA,0.26,NA,NA,NA,NA,"",NA,NA,NA,NA,NA,NA,NA,NA,"",NA,NA,NA,NA,NA,NA,"R1808042","ALSRNY","05-COHO-23.6-08232018-W","WS","N","Field","","R1808042","08/23/2018 12:00:00","Unknown",NA,NA,NA,NA,NA,"08/24/2018",NA,"NYSDEC",NA,NA,"SC",NA,"n",NA,NA,NA,NA,NA,NA,"05-COHO-23.6","N"
"05-COHO-23.6-08232018-W","E200.8","09/11/2018 18:04:00","T",NA,"initial","WS","LB",NA,NA,1,"E200.0","09/04/2018 00:00:00",NA,NA,"ALSRNY","quant","R1808042-009",NA,10,"mL",NA,NA,NA,NA,10,"mL","7440-22-4","Silver",NA,NA,"TRG","Yes","N","U",NA,"U",NA,0.039,0.039,1,"ug/l","ug/l",NA,0.039,NA,NA,NA,NA,"not detected",NA,NA,NA,NA,NA,NA,NA,NA,"",NA,NA,NA,NA,NA,NA,"R1808042","ALSRNY","05-COHO-23.6-08232018-W","WS","N","Field","","R1808042","08/23/2018 12:00:00","Unknown",NA,NA,NA,NA,NA,"08/24/2018",NA,"NYSDEC",NA,NA,"SC",NA,"n",NA,NA,NA,NA,NA,NA,"05-COHO-23.6","N"
"05-COHO-23.6-08232018-W","E200.7","09/07/2018 15:59:00","T",NA,"initial","WS","LB",NA,NA,1,"SW3010A","09/04/2018 00:00:00",NA,NA,"ALSRNY","quant","R1808042-009",NA,10,"mL",NA,NA,NA,NA,10,"mL","7439-89-6","Iron",736,NA,"TRG","Yes","Y","",NA,"",NA,13,NA,100,"ug/l","ug/l",NA,13,NA,NA,NA,NA,"",NA,NA,NA,NA,NA,NA,NA,NA,"",NA,NA,NA,NA,NA,NA,"R1808042","ALSRNY","05-COHO-23.6-08232018-W","WS","N","Field","","R1808042","08/23/2018 12:00:00","Unknown",NA,NA,NA,NA,NA,"08/24/2018",NA,"NYSDEC",NA,NA,"SC",NA,"n",NA,NA,NA,NA,NA,NA,"05-COHO-23.6","N"
"05-COHO-23.6-08232018-W","E200.8","09/11/2018 18:04:00","T",NA,"initial","WS","LB",NA,NA,1,"E200.0","09/04/2018 00:00:00",NA,NA,"ALSRNY","quant","R1808042-009",NA,10,"mL",NA,NA,NA,NA,10,"mL","7440-66-6","Zinc",3.5,NA,"TRG","Yes","Y","J",NA,"J",NA,2.5,NA,5,"ug/l","ug/l",NA,2.5,NA,NA,NA,NA,"",NA,NA,NA,NA,NA,NA,NA,NA,"",NA,NA,NA,NA,NA,NA,"R1808042","ALSRNY","05-COHO-23.6-08232018-W","WS","N","Field","","R1808042","08/23/2018 12:00:00","Unknown",NA,NA,NA,NA,NA,"08/24/2018",NA,"NYSDEC",NA,NA,"SC",NA,"n",NA,NA,NA,NA,NA,NA,"05-COHO-23.6","N"
"05-COHO-23.6-08232018-W","E200.7","09/07/2018 15:59:00","T",NA,"initial","WS","LB",NA,NA,1,"SW3010A","09/04/2018 00:00:00",NA,NA,"ALSRNY","quant","R1808042-009",NA,10,"mL",NA,NA,NA,NA,10,"mL","7439-95-4","Magnesium",6410,NA,"TRG","Yes","Y","",NA,"",NA,29,NA,1000,"ug/l","ug/l",NA,29,NA,NA,NA,NA,"",NA,NA,NA,NA,NA,NA,NA,NA,"",NA,NA,NA,NA,NA,NA,"R1808042","ALSRNY","05-COHO-23.6-08232018-W","WS","N","Field","","R1808042","08/23/2018 12:00:00","Unknown",NA,NA,NA,NA,NA,"08/24/2018",NA,"NYSDEC",NA,NA,"SC",NA,"n",NA,NA,NA,NA,NA,NA,"05-COHO-23.6","N"
"05-COHO-23.6-08232018-W","E200.8","09/14/2018 15:52:00","T",NA,"initial","WS","LB",NA,NA,1,"E200.0","09/13/2018 00:00:00",NA,NA,"ALSRNY","quant","R1808042-009",NA,10,"mL",NA,NA,NA,NA,10,"mL","7440-43-9","Cadmium",NA,NA,"TRG","Yes","N","U",NA,"U",NA,0.064,0.064,1,"ug/l","ug/l",NA,0.064,NA,NA,NA,NA,"not detected",NA,NA,NA,NA,NA,NA,NA,NA,"",NA,NA,NA,NA,NA,NA,"R1808042","ALSRNY","05-COHO-23.6-08232018-W","WS","N","Field","","R1808042","08/23/2018 12:00:00","Unknown",NA,NA,NA,NA,NA,"08/24/2018",NA,"NYSDEC",NA,NA,"SC",NA,"n",NA,NA,NA,NA,NA,NA,"05-COHO-23.6","N"
"05-COHO-23.6-08232018-W","E200.8","09/11/2018 18:04:00","T",NA,"initial","WS","LB",NA,NA,1,"E200.0","09/04/2018 00:00:00",NA,NA,"ALSRNY","quant","R1808042-009",NA,10,"mL",NA,NA,NA,NA,10,"mL","7440-50-8","Copper",2.2,NA,"TRG","Yes","Y","",NA,"",NA,0.66,NA,1,"ug/l","ug/l",NA,0.66,NA,NA,NA,NA,"",NA,NA,NA,NA,NA,NA,NA,NA,"",NA,NA,NA,NA,NA,NA,"R1808042","ALSRNY","05-COHO-23.6-08232018-W","WS","N","Field","","R1808042","08/23/2018 12:00:00","Unknown",NA,NA,NA,NA,NA,"08/24/2018",NA,"NYSDEC",NA,NA,"SC",NA,"n",NA,NA,NA,NA,NA,NA,"05-COHO-23.6","N"
"05-COHO-23.6-08232018-W","E200.8","09/14/2018 15:00:00","T",NA,"initial","WS","LB",NA,NA,10,"E200.0","09/04/2018 00:00:00",NA,NA,"ALSRNY","quant","R1808042-009",NA,10,"mL",NA,NA,NA,NA,10,"mL","7429-90-5","Aluminum",375,NA,"TRG","Yes","Y","",NA,"",NA,23,NA,100,"ug/l","ug/l",NA,23,NA,NA,NA,NA,"",NA,NA,NA,NA,NA,NA,NA,NA,"",NA,NA,NA,NA,NA,NA,"R1808042","ALSRNY","05-COHO-23.6-08232018-W","WS","N","Field","","R1808042","08/23/2018 12:00:00","Unknown",NA,NA,NA,NA,NA,"08/24/2018",NA,"NYSDEC",NA,NA,"SC",NA,"n",NA,NA,NA,NA,NA,NA,"05-COHO-23.6","N"
"05-COHO-23.6-08232018-W","E200.8","09/11/2018 18:04:00","T",NA,"initial","WS","LB",NA,NA,1,"E200.0","09/04/2018 00:00:00",NA,NA,"ALSRNY","quant","R1808042-009",NA,10,"mL",NA,NA,NA,NA,10,"mL","7440-38-2","Arsenic",1.2,NA,"TRG","Yes","Y","",NA,"",NA,0.39,NA,1,"ug/l","ug/l",NA,0.39,NA,NA,NA,NA,"",NA,NA,NA,NA,NA,NA,NA,NA,"",NA,NA,NA,NA,NA,NA,"R1808042","ALSRNY","05-COHO-23.6-08232018-W","WS","N","Field","","R1808042","08/23/2018 12:00:00","Unknown",NA,NA,NA,NA,NA,"08/24/2018",NA,"NYSDEC",NA,NA,"SC",NA,"n",NA,NA,NA,NA,NA,NA,"05-COHO-23.6","N"
"05-COHO-23.6-08232018-W","E200.8","09/14/2018 15:52:00","T",NA,"initial","WS","LB",NA,NA,1,"E200.0","09/13/2018 00:00:00",NA,NA,"ALSRNY","quant","R1808042-009",NA,10,"mL",NA,NA,NA,NA,10,"mL","7439-92-1","Lead",0.61,NA,"TRG","Yes","Y","J",NA,"J",NA,0.067,NA,1,"ug/l","ug/l",NA,0.067,NA,NA,NA,NA,"",NA,NA,NA,NA,NA,NA,NA,NA,"",NA,NA,NA,NA,NA,NA,"R1808042","ALSRNY","05-COHO-23.6-08232018-W","WS","N","Field","","R1808042","08/23/2018 12:00:00","Unknown",NA,NA,NA,NA,NA,"08/24/2018",NA,"NYSDEC",NA,NA,"SC",NA,"n",NA,NA,NA,NA,NA,NA,"05-COHO-23.6","N"
"05-COHO-23.6-08232018-W","E200.7","09/07/2018 15:59:00","T",NA,"initial","WS","LB",NA,NA,1,"SW3010A","09/04/2018 00:00:00",NA,NA,"ALSRNY","quant","R1808042-009",NA,10,"mL",NA,NA,NA,NA,10,"mL","7440-70-2","Calcium",28100,NA,"TRG","Yes","Y","",NA,"",NA,110,NA,1000,"ug/l","ug/l",NA,110,NA,NA,NA,NA,"",NA,NA,NA,NA,NA,NA,NA,NA,"",NA,NA,NA,NA,NA,NA,"R1808042","ALSRNY","05-COHO-23.6-08232018-W","WS","N","Field","","R1808042","08/23/2018 12:00:00","Unknown",NA,NA,NA,NA,NA,"08/24/2018",NA,"NYSDEC",NA,NA,"SC",NA,"n",NA,NA,NA,NA,NA,NA,"05-COHO-23.6","N"
"05-COHO-23.6-08232018-WMS","E353.2","08/24/2018 21:04:00","T",NA,"initial","WS","LB",NA,NA,1,"","",NA,NA,"ALSRNY","quant","R1808042-009MS",NA,10,"mL",NA,NA,NA,NA,10,"mL","14797-65-0","NITROGEN, NITRITE",0.254,NA,"SC","Yes","Y","",NA,"",NA,0.007,NA,0.01,"mg/l","mg/l",NA,0.007,NA,NA,NA,NA,"",0,0.25,0.254,102,NA,NA,NA,NA,"",75,125,20,NA,NA,NA,"R1808042","ALSRNY","05-COHO-23.6-08232018-W","WS","MS","Lab","05-COHO-23.6-08232018-W","R1808042","08/23/2018 12:00:00","Unknown",NA,NA,NA,NA,NA,"08/24/2018",NA,"NYSDEC",NA,NA,"SC",NA,"n",NA,NA,NA,NA,NA,NA,NA,"Lab"
"05-COHO-23.6-08232018-WMSD","E353.2","08/24/2018 21:05:00","T",NA,"initial","WS","LB",NA,NA,1,"","",NA,NA,"ALSRNY","quant","R1808042-009DMS",NA,10,"mL",NA,NA,NA,NA,10,"mL","14797-65-0","NITROGEN, NITRITE",0.256,NA,"SC","Yes","Y","",NA,"",NA,0.007,NA,0.01,"mg/l","mg/l",NA,0.007,NA,NA,NA,NA,"",NA,NA,NA,NA,0,0.25,0.256,102,"<1",75,125,20,NA,NA,NA,"R1808042","ALSRNY","05-COHO-23.6-08232018-W","WS","SD","Lab","05-COHO-23.6-08232018-W","R1808042","08/23/2018 12:00:00","Unknown",NA,NA,NA,NA,NA,"08/24/2018",NA,"NYSDEC",NA,NA,"SC",NA,"n",NA,NA,NA,NA,NA,NA,NA,"Lab"
"05-COHO-7.4-08232018-W","E200.8","09/11/2018 18:13:00","T",NA,"initial","WS","LB",NA,NA,1,"E200.0","09/04/2018 00:00:00",NA,NA,"ALSRNY","quant","R1808042-012",NA,10,"mL",NA,NA,NA,NA,10,"mL","7440-38-2","Arsenic",1.3,NA,"TRG","Yes","Y","",NA,"",NA,0.39,NA,1,"ug/l","ug/l",NA,0.39,NA,NA,NA,NA,"",NA,NA,NA,NA,NA,NA,NA,NA,"",NA,NA,NA,NA,NA,NA,"R1808042","ALSRNY","05-COHO-7.4-08232018-W","WS","N","Field","","R1808042","08/23/2018 13:33:00","Unknown",NA,NA,NA,NA,NA,"08/24/2018",NA,"NYSDEC",NA,NA,"SC",NA,"n",NA,NA,NA,NA,NA,NA,"05-COHO-7.4","N"
"05-COHO-7.4-08232018-W","E200.8","09/14/2018 15:57:00","T",NA,"initial","WS","LB",NA,NA,1,"E200.0","09/13/2018 00:00:00",NA,NA,"ALSRNY","quant","R1808042-012",NA,10,"mL",NA,NA,NA,NA,10,"mL","7440-43-9","Cadmium",NA,NA,"TRG","Yes","N","U",NA,"U",NA,0.064,0.064,1,"ug/l","ug/l",NA,0.064,NA,NA,NA,NA,"not detected",NA,NA,NA,NA,NA,NA,NA,NA,"",NA,NA,NA,NA,NA,NA,"R1808042","ALSRNY","05-COHO-7.4-08232018-W","WS","N","Field","","R1808042","08/23/2018 13:33:00","Unknown",NA,NA,NA,NA,NA,"08/24/2018",NA,"NYSDEC",NA,NA,"SC",NA,"n",NA,NA,NA,NA,NA,NA,"05-COHO-7.4","N"
"05-COHO-7.4-08232018-W","E200.8","09/14/2018 15:06:00","T",NA,"initial","WS","LB",NA,NA,10,"E200.0","09/04/2018 00:00:00",NA,NA,"ALSRNY","quant","R1808042-012",NA,10,"mL",NA,NA,NA,NA,10,"mL","7429-90-5","Aluminum",414,NA,"TRG","Yes","Y","",NA,"",NA,23,NA,100,"ug/l","ug/l",NA,23,NA,NA,NA,NA,"",NA,NA,NA,NA,NA,NA,NA,NA,"",NA,NA,NA,NA,NA,NA,"R1808042","ALSRNY","05-COHO-7.4-08232018-W","WS","N","Field","","R1808042","08/23/2018 13:33:00","Unknown",NA,NA,NA,NA,NA,"08/24/2018",NA,"NYSDEC",NA,NA,"SC",NA,"n",NA,NA,NA,NA,NA,NA,"05-COHO-7.4","N"
"05-COHO-7.4-08232018-W","E200.7","09/07/2018 16:08:00","T",NA,"initial","WS","LB",NA,NA,1,"SW3010A","09/04/2018 00:00:00",NA,NA,"ALSRNY","quant","R1808042-012",NA,10,"mL",NA,NA,NA,NA,10,"mL","7440-70-2","Calcium",31200,NA,"TRG","Yes","Y","",NA,"",NA,110,NA,1000,"ug/l","ug/l",NA,110,NA,NA,NA,NA,"",NA,NA,NA,NA,NA,NA,NA,NA,"",NA,NA,NA,NA,NA,NA,"R1808042","ALSRNY","05-COHO-7.4-08232018-W","WS","N","Field","","R1808042","08/23/2018 13:33:00","Unknown",NA,NA,NA,NA,NA,"08/24/2018",NA,"NYSDEC",NA,NA,"SC",NA,"n",NA,NA,NA,NA,NA,NA,"05-COHO-7.4","N"
"05-COHO-7.4-08232018-W","E200.8","09/11/2018 18:13:00","T",NA,"initial","WS","LB",NA,NA,1,"E200.0","09/04/2018 00:00:00",NA,NA,"ALSRNY","quant","R1808042-012",NA,10,"mL",NA,NA,NA,NA,10,"mL","7440-02-0","Nickel",1.5,NA,"TRG","Yes","Y","",NA,"",NA,0.26,NA,1,"ug/l","ug/l",NA,0.26,NA,NA,NA,NA,"",NA,NA,NA,NA,NA,NA,NA,NA,"",NA,NA,NA,NA,NA,NA,"R1808042","ALSRNY","05-COHO-7.4-08232018-W","WS","N","Field","","R1808042","08/23/2018 13:33:00","Unknown",NA,NA,NA,NA,NA,"08/24/2018",NA,"NYSDEC",NA,NA,"SC",NA,"n",NA,NA,NA,NA,NA,NA,"05-COHO-7.4","N"
"05-COHO-7.4-08232018-W","E200.8","09/11/2018 18:13:00","T",NA,"initial","WS","LB",NA,NA,1,"E200.0","09/04/2018 00:00:00",NA,NA,"ALSRNY","quant","R1808042-012",NA,10,"mL",NA,NA,NA,NA,10,"mL","7440-50-8","Copper",4.1,NA,"TRG","Yes","Y","",NA,"",NA,0.66,NA,1,"ug/l","ug/l",NA,0.66,NA,NA,NA,NA,"",NA,NA,NA,NA,NA,NA,NA,NA,"",NA,NA,NA,NA,NA,NA,"R1808042","ALSRNY","05-COHO-7.4-08232018-W","WS","N","Field","","R1808042","08/23/2018 13:33:00","Unknown",NA,NA,NA,NA,NA,"08/24/2018",NA,"NYSDEC",NA,NA,"SC",NA,"n",NA,NA,NA,NA,NA,NA,"05-COHO-7.4","N"
"05-COHO-7.4-08232018-W","E200.8","09/14/2018 15:57:00","T",NA,"initial","WS","LB",NA,NA,1,"E200.0","09/13/2018 00:00:00",NA,NA,"ALSRNY","quant","R1808042-012",NA,10,"mL",NA,NA,NA,NA,10,"mL","7439-92-1","Lead",0.66,NA,"TRG","Yes","Y","J",NA,"J",NA,0.067,NA,1,"ug/l","ug/l",NA,0.067,NA,NA,NA,NA,"",NA,NA,NA,NA,NA,NA,NA,NA,"",NA,NA,NA,NA,NA,NA,"R1808042","ALSRNY","05-COHO-7.4-08232018-W","WS","N","Field","","R1808042","08/23/2018 13:33:00","Unknown",NA,NA,NA,NA,NA,"08/24/2018",NA,"NYSDEC",NA,NA,"SC",NA,"n",NA,NA,NA,NA,NA,NA,"05-COHO-7.4","N"
"05-COHO-7.4-08232018-W","SM 2320 B","08/28/2018 18:57:00","T",NA,"initial","WS","LB",NA,NA,1,"","",NA,NA,"ALSRNY","quant","R1808042-012",NA,0,"mL",NA,NA,NA,NA,NA,"","ALK","ALKALINITY, TOTAL (AS CaCO3)",86.4,NA,"TRG","Yes","Y","",NA,"",NA,1,NA,2,"mg/l","mg/l",NA,1,NA,NA,NA,NA,"",NA,NA,NA,NA,NA,NA,NA,NA,"",NA,NA,NA,NA,NA,NA,"R1808042","ALSRNY","05-COHO-7.4-08232018-W","WS","N","Field","","R1808042","08/23/2018 13:33:00","Unknown",NA,NA,NA,NA,NA,"08/24/2018",NA,"NYSDEC",NA,NA,"SC",NA,"n",NA,NA,NA,NA,NA,NA,"05-COHO-7.4","N"
"05-COHO-7.4-08232018-W","D6919-09","09/09/2018 23:01:00","T",NA,"initial","WS","LB",NA,NA,1,"","",NA,NA,"ALSRNY","quant","R1808042-012",NA,10,"mL",NA,NA,NA,NA,10,"mL","7664-41-7","Nitrogen, ammonia (As N)",0.033,NA,"TRG","Yes","Y","",NA,"",NA,8e-04,NA,0.005,"mg/l","mg/l",NA,8e-04,NA,NA,NA,NA,"",NA,NA,NA,NA,NA,NA,NA,NA,"",NA,NA,NA,NA,NA,NA,"R1808042","ALSRNY","05-COHO-7.4-08232018-W","WS","N","Field","","R1808042","08/23/2018 13:33:00","Unknown",NA,NA,NA,NA,NA,"08/24/2018",NA,"NYSDEC",NA,NA,"SC",NA,"n",NA,NA,NA,NA,NA,NA,"05-COHO-7.4","N"
"05-COHO-7.4-08232018-W","E300.0","09/07/2018 09:10:00","T",NA,"initial","WS","LB",NA,NA,40,"","",NA,NA,"ALSRNY","quant","R1808042-012",NA,10,"mL",NA,NA,NA,NA,10,"mL","16887-00-6","CHLORIDE (AS CL)",127,NA,"TRG","Yes","Y","",NA,"",NA,0.5,NA,8,"mg/l","mg/l",NA,0.5,NA,NA,NA,NA,"",NA,NA,NA,NA,NA,NA,NA,NA,"",NA,NA,NA,NA,NA,NA,"R1808042","ALSRNY","05-COHO-7.4-08232018-W","WS","N","Field","","R1808042","08/23/2018 13:33:00","Unknown",NA,NA,NA,NA,NA,"08/24/2018",NA,"NYSDEC",NA,NA,"SC",NA,"n",NA,NA,NA,NA,NA,NA,"05-COHO-7.4","N"
"05-COHO-7.4-08232018-W","SM2340B","09/07/2018 16:08:00","T",NA,"initial","WS","LB",NA,NA,1,"","09/04/2018 00:00:00",NA,NA,"ALSRNY","quant","R1808042-012",NA,0,"mL",NA,NA,NA,NA,NA,"","HARD","HARDNESS (AS CACO3)",105,NA,"TRG","Yes","Y","",NA,"",NA,NA,NA,6.62,"mg/l","mg/l",NA,NA,NA,NA,NA,NA,"",NA,NA,NA,NA,NA,NA,NA,NA,"",NA,NA,NA,NA,NA,NA,"R1808042","ALSRNY","05-COHO-7.4-08232018-W","WS","N","Field","","R1808042","08/23/2018 13:33:00","Unknown",NA,NA,NA,NA,NA,"08/24/2018",NA,"NYSDEC",NA,NA,"SC",NA,"n",NA,NA,NA,NA,NA,NA,"05-COHO-7.4","N"
"05-COHO-7.4-08232018-W","Calculation","08/24/2018 21:06:00","T",NA,"initial","WS","LB",NA,NA,1,"","",NA,NA,"ALSRNY","quant","R1808042-012",NA,0,"mL",NA,NA,NA,NA,NA,"","14797-55-8","NITROGEN, NITRATE (AS N)",1.4,NA,"TRG","Yes","Y","",NA,"",NA,NA,NA,0.01,"mg/l","mg/l",NA,NA,NA,NA,NA,NA,"",NA,NA,NA,NA,NA,NA,NA,NA,"",NA,NA,NA,NA,NA,NA,"R1808042","ALSRNY","05-COHO-7.4-08232018-W","WS","N","Field","","R1808042","08/23/2018 13:33:00","Unknown",NA,NA,NA,NA,NA,"08/24/2018",NA,"NYSDEC",NA,NA,"SC",NA,"n",NA,NA,NA,NA,NA,NA,"05-COHO-7.4","N"
"05-COHO-7.4-08232018-W","E353.2","09/13/2018 10:22:00","T",NA,"initial","WS","LB",NA,NA,1,"","",NA,NA,"ALSRNY","quant","R1808042-012",NA,10,"mL",NA,NA,NA,NA,10,"mL","NO3NO2N","Nitrate+Nitrite as Nitrogen",1.4,NA,"TRG","Yes","Y","",NA,"",NA,7e-04,NA,0.002,"mg/l","mg/l",NA,7e-04,NA,NA,NA,NA,"",NA,NA,NA,NA,NA,NA,NA,NA,"",NA,NA,NA,NA,NA,NA,"R1808042","ALSRNY","05-COHO-7.4-08232018-W","WS","N","Field","","R1808042","08/23/2018 13:33:00","Unknown",NA,NA,NA,NA,NA,"08/24/2018",NA,"NYSDEC",NA,NA,"SC",NA,"n",NA,NA,NA,NA,NA,NA,"05-COHO-7.4","N"
"05-COHO-7.4-08232018-W","E353.2","08/24/2018 21:06:00","T",NA,"initial","WS","LB",NA,NA,1,"","",NA,NA,"ALSRNY","quant","R1808042-012",NA,10,"mL",NA,NA,NA,NA,10,"mL","14797-65-0","NITROGEN, NITRITE",NA,NA,"TRG","Yes","N","U",NA,"U",NA,0.007,0.007,0.01,"mg/l","mg/l",NA,0.007,NA,NA,NA,NA,"not detected",NA,NA,NA,NA,NA,NA,NA,NA,"",NA,NA,NA,NA,NA,NA,"R1808042","ALSRNY","05-COHO-7.4-08232018-W","WS","N","Field","","R1808042","08/23/2018 13:33:00","Unknown",NA,NA,NA,NA,NA,"08/24/2018",NA,"NYSDEC",NA,NA,"SC",NA,"n",NA,NA,NA,NA,NA,NA,"05-COHO-7.4","N"
"05-COHO-7.4-08232018-W","Calculation","09/14/2018 16:59:00","T",NA,"initial","WS","LB",NA,NA,1,"","09/13/2018 00:00:00",NA,NA,"ALSRNY","quant","R1808042-012",NA,0,"mL",NA,NA,NA,NA,NA,"","KN","Nitrogen",2.06,NA,"TRG","Yes","Y","",NA,"",NA,NA,NA,0.1,"mg/l","mg/l",NA,NA,NA,NA,NA,NA,"",NA,NA,NA,NA,NA,NA,NA,NA,"",NA,NA,NA,NA,NA,NA,"R1808042","ALSRNY","05-COHO-7.4-08232018-W","WS","N","Field","","R1808042","08/23/2018 13:33:00","Unknown",NA,NA,NA,NA,NA,"08/24/2018",NA,"NYSDEC",NA,NA,"SC",NA,"n",NA,NA,NA,NA,NA,NA,"05-COHO-7.4","N"
"05-COHO-7.4-08232018-W","E351.2","09/14/2018 16:59:00","T",NA,"initial","WS","LB",NA,NA,1,"METHOD","09/13/2018 15:06:00",NA,NA,"ALSRNY","quant","R1808042-012",NA,20,"mL",NA,NA,NA,NA,20,"mL","KN","NITROGEN, KJELDAHL, TOTAL",0.66,NA,"TRG","Yes","Y","",NA,"",NA,0.08,NA,0.1,"mg/l","mg/l",NA,0.08,NA,NA,NA,NA,"",NA,NA,NA,NA,NA,NA,NA,NA,"",NA,NA,NA,NA,NA,NA,"R1808042","ALSRNY","05-COHO-7.4-08232018-W","WS","N","Field","","R1808042","08/23/2018 13:33:00","Unknown",NA,NA,NA,NA,NA,"08/24/2018",NA,"NYSDEC",NA,NA,"SC",NA,"n",NA,NA,NA,NA,NA,NA,"05-COHO-7.4","N"
"05-COHO-7.4-08232018-W","E365.1","09/10/2018 16:34:00","T",NA,"initial","WS","LB",NA,NA,1,"METHOD","09/06/2018 19:15:00",NA,NA,"ALSRNY","quant","R1808042-012",NA,20,"mL",NA,NA,NA,NA,20,"mL","7723-14-0","PHOSPHORUS, TOTAL (AS P)",0.0513,NA,"TRG","Yes","Y","",NA,"",NA,0.002,NA,0.005,"mg/l","mg/l",NA,0.002,NA,NA,NA,NA,"",NA,NA,NA,NA,NA,NA,NA,NA,"",NA,NA,NA,NA,NA,NA,"R1808042","ALSRNY","05-COHO-7.4-08232018-W","WS","N","Field","","R1808042","08/23/2018 13:33:00","Unknown",NA,NA,NA,NA,NA,"08/24/2018",NA,"NYSDEC",NA,NA,"SC",NA,"n",NA,NA,NA,NA,NA,NA,"05-COHO-7.4","N"
"05-COHO-7.4-08232018-W","E180.1","08/24/2018 12:00:00","T",NA,"initial","WS","LB",NA,NA,1,"","",NA,NA,"ALSRNY","quant","R1808042-012",NA,NA,"",NA,NA,NA,NA,NA,"","TURB","TURBIDITY",9.23,NA,"TRG","Yes","Y","",NA,"",NA,0.06,NA,0.1,"ntu","ntu",NA,0.06,NA,NA,NA,NA,"",NA,NA,NA,NA,NA,NA,NA,NA,"",NA,NA,NA,NA,NA,NA,"R1808042","ALSRNY","05-COHO-7.4-08232018-W","WS","N","Field","","R1808042","08/23/2018 13:33:00","Unknown",NA,NA,NA,NA,NA,"08/24/2018",NA,"NYSDEC",NA,NA,"SC",NA,"n",NA,NA,NA,NA,NA,NA,"05-COHO-7.4","N"
"05-COHO-7.4-08232018-W","E200.7","09/07/2018 16:08:00","T",NA,"initial","WS","LB",NA,NA,1,"SW3010A","09/04/2018 00:00:00",NA,NA,"ALSRNY","quant","R1808042-012",NA,10,"mL",NA,NA,NA,NA,10,"mL","7439-95-4","Magnesium",6550,NA,"TRG","Yes","Y","",NA,"",NA,29,NA,1000,"ug/l","ug/l",NA,29,NA,NA,NA,NA,"",NA,NA,NA,NA,NA,NA,NA,NA,"",NA,NA,NA,NA,NA,NA,"R1808042","ALSRNY","05-COHO-7.4-08232018-W","WS","N","Field","","R1808042","08/23/2018 13:33:00","Unknown",NA,NA,NA,NA,NA,"08/24/2018",NA,"NYSDEC",NA,NA,"SC",NA,"n",NA,NA,NA,NA,NA,NA,"05-COHO-7.4","N"
"05-COHO-7.4-08232018-W","E200.8","09/11/2018 18:13:00","T",NA,"initial","WS","LB",NA,NA,1,"E200.0","09/04/2018 00:00:00",NA,NA,"ALSRNY","quant","R1808042-012",NA,10,"mL",NA,NA,NA,NA,10,"mL","7440-22-4","Silver",NA,NA,"TRG","Yes","N","U",NA,"U",NA,0.039,0.039,1,"ug/l","ug/l",NA,0.039,NA,NA,NA,NA,"not detected",NA,NA,NA,NA,NA,NA,NA,NA,"",NA,NA,NA,NA,NA,NA,"R1808042","ALSRNY","05-COHO-7.4-08232018-W","WS","N","Field","","R1808042","08/23/2018 13:33:00","Unknown",NA,NA,NA,NA,NA,"08/24/2018",NA,"NYSDEC",NA,NA,"SC",NA,"n",NA,NA,NA,NA,NA,NA,"05-COHO-7.4","N"
"05-COHO-7.4-08232018-W","E200.7","09/07/2018 16:08:00","T",NA,"initial","WS","LB",NA,NA,1,"SW3010A","09/04/2018 00:00:00",NA,NA,"ALSRNY","quant","R1808042-012",NA,10,"mL",NA,NA,NA,NA,10,"mL","7439-89-6","Iron",733,NA,"TRG","Yes","Y","",NA,"",NA,13,NA,100,"ug/l","ug/l",NA,13,NA,NA,NA,NA,"",NA,NA,NA,NA,NA,NA,NA,NA,"",NA,NA,NA,NA,NA,NA,"R1808042","ALSRNY","05-COHO-7.4-08232018-W","WS","N","Field","","R1808042","08/23/2018 13:33:00","Unknown",NA,NA,NA,NA,NA,"08/24/2018",NA,"NYSDEC",NA,NA,"SC",NA,"n",NA,NA,NA,NA,NA,NA,"05-COHO-7.4","N"
"05-COHO-7.4-08232018-W","E200.8","09/11/2018 18:13:00","T",NA,"initial","WS","LB",NA,NA,1,"E200.0","09/04/2018 00:00:00",NA,NA,"ALSRNY","quant","R1808042-012",NA,10,"mL",NA,NA,NA,NA,10,"mL","7440-66-6","Zinc",3.1,NA,"TRG","Yes","Y","J",NA,"J",NA,2.5,NA,5,"ug/l","ug/l",NA,2.5,NA,NA,NA,NA,"",NA,NA,NA,NA,NA,NA,NA,NA,"",NA,NA,NA,NA,NA,NA,"R1808042","ALSRNY","05-COHO-7.4-08232018-W","WS","N","Field","","R1808042","08/23/2018 13:33:00","Unknown",NA,NA,NA,NA,NA,"08/24/2018",NA,"NYSDEC",NA,NA,"SC",NA,"n",NA,NA,NA,NA,NA,NA,"05-COHO-7.4","N"
"05-COHO-7.4-08232018-W-EB","SM 2320 B","08/28/2018 19:00:00","T",NA,"initial","WS","LB",NA,NA,1,"","",NA,NA,"ALSRNY","quant","R1808042-013",NA,0,"mL",NA,NA,NA,NA,NA,"","ALK","ALKALINITY, TOTAL (AS CaCO3)",NA,NA,"TRG","Yes","N","U",NA,"U",NA,1,1,2,"mg/l","mg/l",NA,1,NA,NA,NA,NA,"not detected",NA,NA,NA,NA,NA,NA,NA,NA,"",NA,NA,NA,NA,NA,NA,"R1808042","ALSRNY","05-COHO-7.4-08232018-W-EB","WS","N","Field","","R1808042","08/23/2018 13:30:00","Unknown",NA,NA,NA,NA,NA,"08/24/2018",NA,"NYSDEC",NA,NA,"SC",NA,"n",NA,NA,NA,NA,NA,NA,"05-COHO-7.4","EB"
"05-COHO-7.4-08232018-W-EB","E353.2","09/13/2018 10:24:00","T",NA,"initial","WS","LB",NA,NA,1,"","",NA,NA,"ALSRNY","quant","R1808042-013",NA,10,"mL",NA,NA,NA,NA,10,"mL","NO3NO2N","Nitrate+Nitrite as Nitrogen",NA,NA,"TRG","Yes","N","U",NA,"U",NA,7e-04,7e-04,0.002,"mg/l","mg/l",NA,7e-04,NA,NA,NA,NA,"not detected",NA,NA,NA,NA,NA,NA,NA,NA,"",NA,NA,NA,NA,NA,NA,"R1808042","ALSRNY","05-COHO-7.4-08232018-W-EB","WS","N","Field","","R1808042","08/23/2018 13:30:00","Unknown",NA,NA,NA,NA,NA,"08/24/2018",NA,"NYSDEC",NA,NA,"SC",NA,"n",NA,NA,NA,NA,NA,NA,"05-COHO-7.4","EB"
"05-COHO-7.4-08232018-W-EB","E353.2","08/24/2018 21:07:00","T",NA,"initial","WS","LB",NA,NA,1,"","",NA,NA,"ALSRNY","quant","R1808042-013",NA,10,"mL",NA,NA,NA,NA,10,"mL","14797-65-0","NITROGEN, NITRITE",NA,NA,"TRG","Yes","N","U",NA,"U",NA,0.007,0.007,0.01,"mg/l","mg/l",NA,0.007,NA,NA,NA,NA,"not detected",NA,NA,NA,NA,NA,NA,NA,NA,"",NA,NA,NA,NA,NA,NA,"R1808042","ALSRNY","05-COHO-7.4-08232018-W-EB","WS","N","Field","","R1808042","08/23/2018 13:30:00","Unknown",NA,NA,NA,NA,NA,"08/24/2018",NA,"NYSDEC",NA,NA,"SC",NA,"n",NA,NA,NA,NA,NA,NA,"05-COHO-7.4","EB"
"05-COHO-7.4-08232018-W-EB","Calculation","09/14/2018 17:00:00","T",NA,"initial","WS","LB",NA,NA,1,"","09/13/2018 00:00:00",NA,NA,"ALSRNY","quant","R1808042-013",NA,0,"mL",NA,NA,NA,NA,NA,"","KN","Nitrogen",NA,NA,"TRG","Yes","N","U",NA,"U",NA,NA,0.1,0.1,"mg/l","mg/l",NA,NA,NA,NA,NA,NA,"not detected",NA,NA,NA,NA,NA,NA,NA,NA,"",NA,NA,NA,NA,NA,NA,"R1808042","ALSRNY","05-COHO-7.4-08232018-W-EB","WS","N","Field","","R1808042","08/23/2018 13:30:00","Unknown",NA,NA,NA,NA,NA,"08/24/2018",NA,"NYSDEC",NA,NA,"SC",NA,"n",NA,NA,NA,NA,NA,NA,"05-COHO-7.4","EB"
"05-COHO-7.4-08232018-W-EB","E351.2","09/14/2018 17:00:00","T",NA,"initial","WS","LB",NA,NA,1,"METHOD","09/13/2018 15:06:00",NA,NA,"ALSRNY","quant","R1808042-013",NA,20,"mL",NA,NA,NA,NA,20,"mL","KN","NITROGEN, KJELDAHL, TOTAL",NA,NA,"TRG","Yes","N","U",NA,"U",NA,0.08,0.08,0.1,"mg/l","mg/l",NA,0.08,NA,NA,NA,NA,"not detected",NA,NA,NA,NA,NA,NA,NA,NA,"",NA,NA,NA,NA,NA,NA,"R1808042","ALSRNY","05-COHO-7.4-08232018-W-EB","WS","N","Field","","R1808042","08/23/2018 13:30:00","Unknown",NA,NA,NA,NA,NA,"08/24/2018",NA,"NYSDEC",NA,NA,"SC",NA,"n",NA,NA,NA,NA,NA,NA,"05-COHO-7.4","EB"
"05-COHO-7.4-08232018-W-EB","E365.1","09/10/2018 16:35:00","T",NA,"initial","WS","LB",NA,NA,1,"METHOD","09/06/2018 19:15:00",NA,NA,"ALSRNY","quant","R1808042-013",NA,20,"mL",NA,NA,NA,NA,20,"mL","7723-14-0","PHOSPHORUS, TOTAL (AS P)",NA,NA,"TRG","Yes","N","U",NA,"U",NA,0.002,0.002,0.005,"mg/l","mg/l",NA,0.002,NA,NA,NA,NA,"not detected",NA,NA,NA,NA,NA,NA,NA,NA,"",NA,NA,NA,NA,NA,NA,"R1808042","ALSRNY","05-COHO-7.4-08232018-W-EB","WS","N","Field","","R1808042","08/23/2018 13:30:00","Unknown",NA,NA,NA,NA,NA,"08/24/2018",NA,"NYSDEC",NA,NA,"SC",NA,"n",NA,NA,NA,NA,NA,NA,"05-COHO-7.4","EB"
"05-COHO-7.4-08232018-W-EB","E180.1","08/24/2018 12:00:00","T",NA,"initial","WS","LB",NA,NA,1,"","",NA,NA,"ALSRNY","quant","R1808042-013",NA,NA,"",NA,NA,NA,NA,NA,"","TURB","TURBIDITY",0.58,NA,"TRG","Yes","Y","",NA,"",NA,0.06,NA,0.1,"ntu","ntu",NA,0.06,NA,NA,NA,NA,"",NA,NA,NA,NA,NA,NA,NA,NA,"",NA,NA,NA,NA,NA,NA,"R1808042","ALSRNY","05-COHO-7.4-08232018-W-EB","WS","N","Field","","R1808042","08/23/2018 13:30:00","Unknown",NA,NA,NA,NA,NA,"08/24/2018",NA,"NYSDEC",NA,NA,"SC",NA,"n",NA,NA,NA,NA,NA,NA,"05-COHO-7.4","EB"
"05-COHO-7.4-08232018-W-EB","E200.8","09/11/2018 18:15:00","T",NA,"initial","WS","LB",NA,NA,1,"E200.0","09/04/2018 00:00:00",NA,NA,"ALSRNY","quant","R1808042-013",NA,10,"mL",NA,NA,NA,NA,10,"mL","7440-02-0","Nickel",NA,NA,"TRG","Yes","N","U",NA,"U",NA,0.26,0.26,1,"ug/l","ug/l",NA,0.26,NA,NA,NA,NA,"not detected",NA,NA,NA,NA,NA,NA,NA,NA,"",NA,NA,NA,NA,NA,NA,"R1808042","ALSRNY","05-COHO-7.4-08232018-W-EB","WS","N","Field","","R1808042","08/23/2018 13:30:00","Unknown",NA,NA,NA,NA,NA,"08/24/2018",NA,"NYSDEC",NA,NA,"SC",NA,"n",NA,NA,NA,NA,NA,NA,"05-COHO-7.4","EB"
"05-COHO-7.4-08232018-W-EB","E200.8","09/11/2018 18:15:00","T",NA,"initial","WS","LB",NA,NA,1,"E200.0","09/04/2018 00:00:00",NA,NA,"ALSRNY","quant","R1808042-013",NA,10,"mL",NA,NA,NA,NA,10,"mL","7440-22-4","Silver",NA,NA,"TRG","Yes","N","U",NA,"U",NA,0.039,0.039,1,"ug/l","ug/l",NA,0.039,NA,NA,NA,NA,"not detected",NA,NA,NA,NA,NA,NA,NA,NA,"",NA,NA,NA,NA,NA,NA,"R1808042","ALSRNY","05-COHO-7.4-08232018-W-EB","WS","N","Field","","R1808042","08/23/2018 13:30:00","Unknown",NA,NA,NA,NA,NA,"08/24/2018",NA,"NYSDEC",NA,NA,"SC",NA,"n",NA,NA,NA,NA,NA,NA,"05-COHO-7.4","EB"
"05-COHO-7.4-08232018-W-EB","E200.7","09/07/2018 16:12:00","T",NA,"initial","WS","LB",NA,NA,1,"SW3010A","09/04/2018 00:00:00",NA,NA,"ALSRNY","quant","R1808042-013",NA,10,"mL",NA,NA,NA,NA,10,"mL","7439-89-6","Iron",NA,NA,"TRG","Yes","N","U",NA,"U",NA,13,13,100,"ug/l","ug/l",NA,13,NA,NA,NA,NA,"not detected",NA,NA,NA,NA,NA,NA,NA,NA,"",NA,NA,NA,NA,NA,NA,"R1808042","ALSRNY","05-COHO-7.4-08232018-W-EB","WS","N","Field","","R1808042","08/23/2018 13:30:00","Unknown",NA,NA,NA,NA,NA,"08/24/2018",NA,"NYSDEC",NA,NA,"SC",NA,"n",NA,NA,NA,NA,NA,NA,"05-COHO-7.4","EB"
"05-COHO-7.4-08232018-W-EB","D6919-09","09/09/2018 23:17:00","T",NA,"initial","WS","LB",NA,NA,1,"","",NA,NA,"ALSRNY","quant","R1808042-013",NA,10,"mL",NA,NA,NA,NA,10,"mL","7664-41-7","Nitrogen, ammonia (As N)",NA,NA,"TRG","Yes","N","U",NA,"U",NA,8e-04,8e-04,0.005,"mg/l","mg/l",NA,8e-04,NA,NA,NA,NA,"not detected",NA,NA,NA,NA,NA,NA,NA,NA,"",NA,NA,NA,NA,NA,NA,"R1808042","ALSRNY","05-COHO-7.4-08232018-W-EB","WS","N","Field","","R1808042","08/23/2018 13:30:00","Unknown",NA,NA,NA,NA,NA,"08/24/2018",NA,"NYSDEC",NA,NA,"SC",NA,"n",NA,NA,NA,NA,NA,NA,"05-COHO-7.4","EB"
"05-COHO-7.4-08232018-W-EB","E300.0","09/06/2018 23:37:00","T",NA,"initial","WS","LB",NA,NA,10,"","",NA,NA,"ALSRNY","quant","R1808042-013",NA,10,"mL",NA,NA,NA,NA,10,"mL","16887-00-6","CHLORIDE (AS CL)",NA,NA,"TRG","Yes","N","U",NA,"U",NA,0.2,0.2,2,"mg/l","mg/l",NA,0.2,NA,NA,NA,NA,"not detected",NA,NA,NA,NA,NA,NA,NA,NA,"",NA,NA,NA,NA,NA,NA,"R1808042","ALSRNY","05-COHO-7.4-08232018-W-EB","WS","N","Field","","R1808042","08/23/2018 13:30:00","Unknown",NA,NA,NA,NA,NA,"08/24/2018",NA,"NYSDEC",NA,NA,"SC",NA,"n",NA,NA,NA,NA,NA,NA,"05-COHO-7.4","EB"
"05-COHO-7.4-08232018-W-EB","SM2340B","09/07/2018 16:12:00","T",NA,"initial","WS","LB",NA,NA,1,"","09/04/2018 00:00:00",NA,NA,"ALSRNY","quant","R1808042-013",NA,0,"mL",NA,NA,NA,NA,NA,"","HARD","HARDNESS (AS CACO3)",NA,NA,"TRG","Yes","N","U",NA,"U",NA,NA,6.62,6.62,"mg/l","mg/l",NA,NA,NA,NA,NA,NA,"not detected",NA,NA,NA,NA,NA,NA,NA,NA,"",NA,NA,NA,NA,NA,NA,"R1808042","ALSRNY","05-COHO-7.4-08232018-W-EB","WS","N","Field","","R1808042","08/23/2018 13:30:00","Unknown",NA,NA,NA,NA,NA,"08/24/2018",NA,"NYSDEC",NA,NA,"SC",NA,"n",NA,NA,NA,NA,NA,NA,"05-COHO-7.4","EB"
"05-COHO-7.4-08232018-W-EB","Calculation","08/24/2018 21:07:00","T",NA,"initial","WS","LB",NA,NA,1,"","",NA,NA,"ALSRNY","quant","R1808042-013",NA,0,"mL",NA,NA,NA,NA,NA,"","14797-55-8","NITROGEN, NITRATE (AS N)",NA,NA,"TRG","Yes","N","U",NA,"U",NA,NA,0.01,0.01,"mg/l","mg/l",NA,NA,NA,NA,NA,NA,"not detected",NA,NA,NA,NA,NA,NA,NA,NA,"",NA,NA,NA,NA,NA,NA,"R1808042","ALSRNY","05-COHO-7.4-08232018-W-EB","WS","N","Field","","R1808042","08/23/2018 13:30:00","Unknown",NA,NA,NA,NA,NA,"08/24/2018",NA,"NYSDEC",NA,NA,"SC",NA,"n",NA,NA,NA,NA,NA,NA,"05-COHO-7.4","EB"
"05-COHO-7.4-08232018-W-EB","E200.8","09/11/2018 18:15:00","T",NA,"initial","WS","LB",NA,NA,1,"E200.0","09/04/2018 00:00:00",NA,NA,"ALSRNY","quant","R1808042-013",NA,10,"mL",NA,NA,NA,NA,10,"mL","7429-90-5","Aluminum",NA,NA,"TRG","Yes","N","U",NA,"U",NA,2.3,2.3,10,"ug/l","ug/l",NA,2.3,NA,NA,NA,NA,"not detected",NA,NA,NA,NA,NA,NA,NA,NA,"",NA,NA,NA,NA,NA,NA,"R1808042","ALSRNY","05-COHO-7.4-08232018-W-EB","WS","N","Field","","R1808042","08/23/2018 13:30:00","Unknown",NA,NA,NA,NA,NA,"08/24/2018",NA,"NYSDEC",NA,NA,"SC",NA,"n",NA,NA,NA,NA,NA,NA,"05-COHO-7.4","EB"
"05-COHO-7.4-08232018-W-EB","E200.8","09/11/2018 18:15:00","T",NA,"initial","WS","LB",NA,NA,1,"E200.0","09/04/2018 00:00:00",NA,NA,"ALSRNY","quant","R1808042-013",NA,10,"mL",NA,NA,NA,NA,10,"mL","7440-38-2","Arsenic",NA,NA,"TRG","Yes","N","U",NA,"U",NA,0.39,0.39,1,"ug/l","ug/l",NA,0.39,NA,NA,NA,NA,"not detected",NA,NA,NA,NA,NA,NA,NA,NA,"",NA,NA,NA,NA,NA,NA,"R1808042","ALSRNY","05-COHO-7.4-08232018-W-EB","WS","N","Field","","R1808042","08/23/2018 13:30:00","Unknown",NA,NA,NA,NA,NA,"08/24/2018",NA,"NYSDEC",NA,NA,"SC",NA,"n",NA,NA,NA,NA,NA,NA,"05-COHO-7.4","EB"
"05-COHO-7.4-08232018-W-EB","E200.8","09/14/2018 15:59:00","T",NA,"initial","WS","LB",NA,NA,1,"E200.0","09/13/2018 00:00:00",NA,NA,"ALSRNY","quant","R1808042-013",NA,10,"mL",NA,NA,NA,NA,10,"mL","7440-43-9","Cadmium",NA,NA,"TRG","Yes","N","U",NA,"U",NA,0.064,0.064,1,"ug/l","ug/l",NA,0.064,NA,NA,NA,NA,"not detected",NA,NA,NA,NA,NA,NA,NA,NA,"",NA,NA,NA,NA,NA,NA,"R1808042","ALSRNY","05-COHO-7.4-08232018-W-EB","WS","N","Field","","R1808042","08/23/2018 13:30:00","Unknown",NA,NA,NA,NA,NA,"08/24/2018",NA,"NYSDEC",NA,NA,"SC",NA,"n",NA,NA,NA,NA,NA,NA,"05-COHO-7.4","EB"
"05-COHO-7.4-08232018-W-EB","E200.8","09/11/2018 18:15:00","T",NA,"initial","WS","LB",NA,NA,1,"E200.0","09/04/2018 00:00:00",NA,NA,"ALSRNY","quant","R1808042-013",NA,10,"mL",NA,NA,NA,NA,10,"mL","7440-50-8","Copper",NA,NA,"TRG","Yes","N","U",NA,"U",NA,0.66,0.66,1,"ug/l","ug/l",NA,0.66,NA,NA,NA,NA,"not detected",NA,NA,NA,NA,NA,NA,NA,NA,"",NA,NA,NA,NA,NA,NA,"R1808042","ALSRNY","05-COHO-7.4-08232018-W-EB","WS","N","Field","","R1808042","08/23/2018 13:30:00","Unknown",NA,NA,NA,NA,NA,"08/24/2018",NA,"NYSDEC",NA,NA,"SC",NA,"n",NA,NA,NA,NA,NA,NA,"05-COHO-7.4","EB"
"05-COHO-7.4-08232018-W-EB","E200.8","09/14/2018 15:59:00","T",NA,"initial","WS","LB",NA,NA,1,"E200.0","09/13/2018 00:00:00",NA,NA,"ALSRNY","quant","R1808042-013",NA,10,"mL",NA,NA,NA,NA,10,"mL","7439-92-1","Lead",0.094,NA,"TRG","Yes","Y","J",NA,"J",NA,0.067,NA,1,"ug/l","ug/l",NA,0.067,NA,NA,NA,NA,"",NA,NA,NA,NA,NA,NA,NA,NA,"",NA,NA,NA,NA,NA,NA,"R1808042","ALSRNY","05-COHO-7.4-08232018-W-EB","WS","N","Field","","R1808042","08/23/2018 13:30:00","Unknown",NA,NA,NA,NA,NA,"08/24/2018",NA,"NYSDEC",NA,NA,"SC",NA,"n",NA,NA,NA,NA,NA,NA,"05-COHO-7.4","EB"
"05-COHO-7.4-08232018-W-EB","E200.7","09/07/2018 16:12:00","T",NA,"initial","WS","LB",NA,NA,1,"SW3010A","09/04/2018 00:00:00",NA,NA,"ALSRNY","quant","R1808042-013",NA,10,"mL",NA,NA,NA,NA,10,"mL","7440-70-2","Calcium",NA,NA,"TRG","Yes","N","U",NA,"U",NA,110,110,1000,"ug/l","ug/l",NA,110,NA,NA,NA,NA,"not detected",NA,NA,NA,NA,NA,NA,NA,NA,"",NA,NA,NA,NA,NA,NA,"R1808042","ALSRNY","05-COHO-7.4-08232018-W-EB","WS","N","Field","","R1808042","08/23/2018 13:30:00","Unknown",NA,NA,NA,NA,NA,"08/24/2018",NA,"NYSDEC",NA,NA,"SC",NA,"n",NA,NA,NA,NA,NA,NA,"05-COHO-7.4","EB"
"05-COHO-7.4-08232018-W-EB","E200.7","09/07/2018 16:12:00","T",NA,"initial","WS","LB",NA,NA,1,"SW3010A","09/04/2018 00:00:00",NA,NA,"ALSRNY","quant","R1808042-013",NA,10,"mL",NA,NA,NA,NA,10,"mL","7439-95-4","Magnesium",NA,NA,"TRG","Yes","N","U",NA,"U",NA,29,29,1000,"ug/l","ug/l",NA,29,NA,NA,NA,NA,"not detected",NA,NA,NA,NA,NA,NA,NA,NA,"",NA,NA,NA,NA,NA,NA,"R1808042","ALSRNY","05-COHO-7.4-08232018-W-EB","WS","N","Field","","R1808042","08/23/2018 13:30:00","Unknown",NA,NA,NA,NA,NA,"08/24/2018",NA,"NYSDEC",NA,NA,"SC",NA,"n",NA,NA,NA,NA,NA,NA,"05-COHO-7.4","EB"
"05-COHO-7.4-08232018-W-EB","E200.8","09/11/2018 18:15:00","T",NA,"initial","WS","LB",NA,NA,1,"E200.0","09/04/2018 00:00:00",NA,NA,"ALSRNY","quant","R1808042-013",NA,10,"mL",NA,NA,NA,NA,10,"mL","7440-66-6","Zinc",NA,NA,"TRG","Yes","N","U",NA,"U",NA,2.5,2.5,5,"ug/l","ug/l",NA,2.5,NA,NA,NA,NA,"not detected",NA,NA,NA,NA,NA,NA,NA,NA,"",NA,NA,NA,NA,NA,NA,"R1808042","ALSRNY","05-COHO-7.4-08232018-W-EB","WS","N","Field","","R1808042","08/23/2018 13:30:00","Unknown",NA,NA,NA,NA,NA,"08/24/2018",NA,"NYSDEC",NA,NA,"SC",NA,"n",NA,NA,NA,NA,NA,NA,"05-COHO-7.4","EB"
"05-COHO-7.4-08232018-W-EBMS","E365.1","09/10/2018 16:36:00","T",NA,"initial","WS","LB",NA,NA,1,"METHOD","09/06/2018 19:15:00",NA,NA,"ALSRNY","quant","R1808042-013MS",NA,20,"mL",NA,NA,NA,NA,20,"mL","7723-14-0","PHOSPHORUS, TOTAL (AS P)",0.0242,NA,"SC","Yes","Y","",NA,"",NA,0.002,NA,0.005,"mg/l","mg/l",NA,0.002,NA,NA,NA,NA,"",0,0.025,0.0242,97,NA,NA,NA,NA,"",75,125,20,NA,NA,NA,"R1808042","ALSRNY","05-COHO-7.4-08232018-W-EB","WS","MS","Lab","05-COHO-7.4-08232018-W-EB","R1808042","08/23/2018 13:30:00","Unknown",NA,NA,NA,NA,NA,"08/24/2018",NA,"NYSDEC",NA,NA,"SC",NA,"n",NA,NA,NA,NA,NA,NA,NA,"Lab"
"05-COHO-7.4-08232018-W-EBMSD","E365.1","09/10/2018 16:39:00","T",NA,"initial","WS","LB",NA,NA,1,"METHOD","09/06/2018 19:15:00",NA,NA,"ALSRNY","quant","R1808042-013DMS",NA,20,"mL",NA,NA,NA,NA,20,"mL","7723-14-0","PHOSPHORUS, TOTAL (AS P)",0.0242,NA,"SC","Yes","Y","",NA,"",NA,0.002,NA,0.005,"mg/l","mg/l",NA,0.002,NA,NA,NA,NA,"",NA,NA,NA,NA,0,0.025,0.0242,97,"<1",75,125,20,NA,NA,NA,"R1808042","ALSRNY","05-COHO-7.4-08232018-W-EB","WS","SD","Lab","05-COHO-7.4-08232018-W-EB","R1808042","08/23/2018 13:30:00","Unknown",NA,NA,NA,NA,NA,"08/24/2018",NA,"NYSDEC",NA,NA,"SC",NA,"n",NA,NA,NA,NA,NA,NA,NA,"Lab"
"321156-LCS1","E200.7","09/07/2018 15:13:00","T",NA,"initial","WQ","LB",NA,NA,1,"SW3010A","09/04/2018 00:00:00",NA,NA,"ALSRNY","quant","LCSW-321156",NA,10,"mL",NA,NA,NA,NA,10,"mL","7440-70-2","Calcium",1790,NA,"SC","Yes","Y","",NA,"",NA,110,NA,1000,"ug/l","ug/l",NA,110,NA,NA,NA,NA,"",NA,2000,1790,90,NA,NA,NA,NA,"",85,115,NA,NA,NA,NA,"R1808042","ALSRNY","LAB CONTROL SAMPLE","WQ","BS","Lab","","R1808042","09/04/2018 00:00:00","",NA,NA,NA,NA,NA,"",NA,"NYSDEC",NA,NA,"SC",NA,"n",NA,NA,NA,NA,NA,NA,NA,"Lab"
"321156-LCS1","E200.7","09/07/2018 15:13:00","T",NA,"initial","WQ","LB",NA,NA,1,"SW3010A","09/04/2018 00:00:00",NA,NA,"ALSRNY","quant","LCSW-321156",NA,10,"mL",NA,NA,NA,NA,10,"mL","7439-89-6","Iron",969,NA,"SC","Yes","Y","",NA,"",NA,13,NA,100,"ug/l","ug/l",NA,13,NA,NA,NA,NA,"",NA,1000,969,97,NA,NA,NA,NA,"",85,115,NA,NA,NA,NA,"R1808042","ALSRNY","LAB CONTROL SAMPLE","WQ","BS","Lab","","R1808042","09/04/2018 00:00:00","",NA,NA,NA,NA,NA,"",NA,"NYSDEC",NA,NA,"SC",NA,"n",NA,NA,NA,NA,NA,NA,NA,"Lab"
"321156-LCS1","E200.7","09/07/2018 15:13:00","T",NA,"initial","WQ","LB",NA,NA,1,"SW3010A","09/04/2018 00:00:00",NA,NA,"ALSRNY","quant","LCSW-321156",NA,10,"mL",NA,NA,NA,NA,10,"mL","7439-95-4","Magnesium",1940,NA,"SC","Yes","Y","",NA,"",NA,29,NA,1000,"ug/l","ug/l",NA,29,NA,NA,NA,NA,"",NA,2000,1940,97,NA,NA,NA,NA,"",85,115,NA,NA,NA,NA,"R1808042","ALSRNY","LAB CONTROL SAMPLE","WQ","BS","Lab","","R1808042","09/04/2018 00:00:00","",NA,NA,NA,NA,NA,"",NA,"NYSDEC",NA,NA,"SC",NA,"n",NA,NA,NA,NA,NA,NA,NA,"Lab"
"321156-MB1","E200.7","09/07/2018 15:10:00","T",NA,"initial","WQ","LB",NA,NA,1,"SW3010A","09/04/2018 00:00:00",NA,NA,"ALSRNY","quant","PBW-321156",NA,10,"mL",NA,NA,NA,NA,10,"mL","7439-89-6","Iron",NA,NA,"TRG","Yes","N","U",NA,"U",NA,13,13,100,"ug/l","ug/l",NA,13,NA,NA,NA,NA,"not detected",NA,NA,NA,NA,NA,NA,NA,NA,"",NA,NA,NA,NA,NA,NA,"R1808042","ALSRNY","BLANK","WQ","LB","Lab","","R1808042","09/04/2018 00:00:00","",NA,NA,NA,NA,NA,"",NA,"NYSDEC",NA,NA,"SC",NA,"n",NA,NA,NA,NA,NA,NA,NA,"Lab"
"321156-MB1","E200.7","09/07/2018 15:10:00","T",NA,"initial","WQ","LB",NA,NA,1,"SW3010A","09/04/2018 00:00:00",NA,NA,"ALSRNY","quant","PBW-321156",NA,10,"mL",NA,NA,NA,NA,10,"mL","7439-95-4","Magnesium",NA,NA,"TRG","Yes","N","U",NA,"U",NA,29,29,1000,"ug/l","ug/l",NA,29,NA,NA,NA,NA,"not detected",NA,NA,NA,NA,NA,NA,NA,NA,"",NA,NA,NA,NA,NA,NA,"R1808042","ALSRNY","BLANK","WQ","LB","Lab","","R1808042","09/04/2018 00:00:00","",NA,NA,NA,NA,NA,"",NA,"NYSDEC",NA,NA,"SC",NA,"n",NA,NA,NA,NA,NA,NA,NA,"Lab"
"321156-MB1","E200.7","09/07/2018 15:10:00","T",NA,"initial","WQ","LB",NA,NA,1,"SW3010A","09/04/2018 00:00:00",NA,NA,"ALSRNY","quant","PBW-321156",NA,10,"mL",NA,NA,NA,NA,10,"mL","7440-70-2","Calcium",NA,NA,"TRG","Yes","N","U",NA,"U",NA,110,110,1000,"ug/l","ug/l",NA,110,NA,NA,NA,NA,"not detected",NA,NA,NA,NA,NA,NA,NA,NA,"",NA,NA,NA,NA,NA,NA,"R1808042","ALSRNY","BLANK","WQ","LB","Lab","","R1808042","09/04/2018 00:00:00","",NA,NA,NA,NA,NA,"",NA,"NYSDEC",NA,NA,"SC",NA,"n",NA,NA,NA,NA,NA,NA,NA,"Lab"
"321157-LCS1","E200.8","09/11/2018 17:30:00","T",NA,"initial","WQ","LB",NA,NA,1,"E200.0","09/04/2018 00:00:00",NA,NA,"ALSRNY","quant","LCSW-321157",NA,10,"mL",NA,NA,NA,NA,10,"mL","7429-90-5","Aluminum",22.1,NA,"SC","Yes","Y","",NA,"",NA,2.3,NA,10,"ug/l","ug/l",NA,2.3,NA,NA,NA,NA,"",NA,20,22.1,110,NA,NA,NA,NA,"",85,115,NA,NA,NA,NA,"R1808042","ALSRNY","LAB CONTROL SAMPLE","WQ","BS","Lab","","R1808042","09/04/2018 00:00:00","",NA,NA,NA,NA,NA,"",NA,"NYSDEC",NA,NA,"SC",NA,"n",NA,NA,NA,NA,NA,NA,NA,"Lab"
"321157-LCS1","E200.8","09/11/2018 17:30:00","T",NA,"initial","WQ","LB",NA,NA,1,"E200.0","09/04/2018 00:00:00",NA,NA,"ALSRNY","quant","LCSW-321157",NA,10,"mL",NA,NA,NA,NA,10,"mL","7440-38-2","Arsenic",21.4,NA,"SC","Yes","Y","",NA,"",NA,0.39,NA,1,"ug/l","ug/l",NA,0.4,NA,NA,NA,NA,"",NA,20,21.4,107,NA,NA,NA,NA,"",85,115,NA,NA,NA,NA,"R1808042","ALSRNY","LAB CONTROL SAMPLE","WQ","BS","Lab","","R1808042","09/04/2018 00:00:00","",NA,NA,NA,NA,NA,"",NA,"NYSDEC",NA,NA,"SC",NA,"n",NA,NA,NA,NA,NA,NA,NA,"Lab"
"321157-LCS1","E200.8","09/11/2018 17:30:00","T",NA,"initial","WQ","LB",NA,NA,1,"E200.0","09/04/2018 00:00:00",NA,NA,"ALSRNY","quant","LCSW-321157",NA,10,"mL",NA,NA,NA,NA,10,"mL","7440-22-4","Silver",22.1,NA,"SC","Yes","Y","",NA,"",NA,0.04,NA,1,"ug/l","ug/l",NA,0,NA,NA,NA,NA,"",NA,20,22.1,110,NA,NA,NA,NA,"",85,115,NA,NA,NA,NA,"R1808042","ALSRNY","LAB CONTROL SAMPLE","WQ","BS","Lab","","R1808042","09/04/2018 00:00:00","",NA,NA,NA,NA,NA,"",NA,"NYSDEC",NA,NA,"SC",NA,"n",NA,NA,NA,NA,NA,NA,NA,"Lab"
"321157-LCS1","E200.8","09/11/2018 17:30:00","T",NA,"initial","WQ","LB",NA,NA,1,"E200.0","09/04/2018 00:00:00",NA,NA,"ALSRNY","quant","LCSW-321157",NA,10,"mL",NA,NA,NA,NA,10,"mL","7440-66-6","Zinc",21.5,NA,"SC","Yes","Y","",NA,"",NA,2.5,NA,5,"ug/l","ug/l",NA,2.5,NA,NA,NA,NA,"",NA,20,21.5,108,NA,NA,NA,NA,"",85,115,NA,NA,NA,NA,"R1808042","ALSRNY","LAB CONTROL SAMPLE","WQ","BS","Lab","","R1808042","09/04/2018 00:00:00","",NA,NA,NA,NA,NA,"",NA,"NYSDEC",NA,NA,"SC",NA,"n",NA,NA,NA,NA,NA,NA,NA,"Lab"
"321157-LCS1","E200.8","09/11/2018 17:30:00","T",NA,"initial","WQ","LB",NA,NA,1,"E200.0","09/04/2018 00:00:00",NA,NA,"ALSRNY","quant","LCSW-321157",NA,10,"mL",NA,NA,NA,NA,10,"mL","7440-50-8","Copper",21.7,NA,"SC","Yes","Y","",NA,"",NA,0.66,NA,1,"ug/l","ug/l",NA,0.7,NA,NA,NA,NA,"",NA,20,21.7,108,NA,NA,NA,NA,"",85,115,NA,NA,NA,NA,"R1808042","ALSRNY","LAB CONTROL SAMPLE","WQ","BS","Lab","","R1808042","09/04/2018 00:00:00","",NA,NA,NA,NA,NA,"",NA,"NYSDEC",NA,NA,"SC",NA,"n",NA,NA,NA,NA,NA,NA,NA,"Lab"
"321157-LCS1","E200.8","09/11/2018 17:30:00","T",NA,"initial","WQ","LB",NA,NA,1,"E200.0","09/04/2018 00:00:00",NA,NA,"ALSRNY","quant","LCSW-321157",NA,10,"mL",NA,NA,NA,NA,10,"mL","7440-02-0","Nickel",21.9,NA,"SC","Yes","Y","",NA,"",NA,0.26,NA,1,"ug/l","ug/l",NA,0.3,NA,NA,NA,NA,"",NA,20,21.9,110,NA,NA,NA,NA,"",85,115,NA,NA,NA,NA,"R1808042","ALSRNY","LAB CONTROL SAMPLE","WQ","BS","Lab","","R1808042","09/04/2018 00:00:00","",NA,NA,NA,NA,NA,"",NA,"NYSDEC",NA,NA,"SC",NA,"n",NA,NA,NA,NA,NA,NA,NA,"Lab"
"321157-MB1","E200.8","09/11/2018 17:28:00","T",NA,"initial","WQ","LB",NA,NA,1,"E200.0","09/04/2018 00:00:00",NA,NA,"ALSRNY","quant","PBW-321157",NA,10,"mL",NA,NA,NA,NA,10,"mL","7440-50-8","Copper",NA,NA,"TRG","Yes","N","U",NA,"U",NA,0.66,0.66,1,"ug/l","ug/l",NA,0.66,NA,NA,NA,NA,"not detected",NA,NA,NA,NA,NA,NA,NA,NA,"",NA,NA,NA,NA,NA,NA,"R1808042","ALSRNY","BLANK","WQ","LB","Lab","","R1808042","09/04/2018 00:00:00","",NA,NA,NA,NA,NA,"",NA,"NYSDEC",NA,NA,"SC",NA,"n",NA,NA,NA,NA,NA,NA,NA,"Lab"
"321157-MB1","E200.8","09/11/2018 17:28:00","T",NA,"initial","WQ","LB",NA,NA,1,"E200.0","09/04/2018 00:00:00",NA,NA,"ALSRNY","quant","PBW-321157",NA,10,"mL",NA,NA,NA,NA,10,"mL","7440-02-0","Nickel",0.76,NA,"TRG","Yes","Y","J",NA,"J",NA,0.26,NA,1,"ug/l","ug/l",NA,0.26,NA,NA,NA,NA,"",NA,NA,NA,NA,NA,NA,NA,NA,"",NA,NA,NA,NA,NA,NA,"R1808042","ALSRNY","BLANK","WQ","LB","Lab","","R1808042","09/04/2018 00:00:00","",NA,NA,NA,NA,NA,"",NA,"NYSDEC",NA,NA,"SC",NA,"n",NA,NA,NA,NA,NA,NA,NA,"Lab"
"321157-MB1","E200.8","09/11/2018 17:28:00","T",NA,"initial","WQ","LB",NA,NA,1,"E200.0","09/04/2018 00:00:00",NA,NA,"ALSRNY","quant","PBW-321157",NA,10,"mL",NA,NA,NA,NA,10,"mL","7429-90-5","Aluminum",NA,NA,"TRG","Yes","N","U",NA,"U",NA,2.3,2.3,10,"ug/l","ug/l",NA,2.3,NA,NA,NA,NA,"not detected",NA,NA,NA,NA,NA,NA,NA,NA,"",NA,NA,NA,NA,NA,NA,"R1808042","ALSRNY","BLANK","WQ","LB","Lab","","R1808042","09/04/2018 00:00:00","",NA,NA,NA,NA,NA,"",NA,"NYSDEC",NA,NA,"SC",NA,"n",NA,NA,NA,NA,NA,NA,NA,"Lab"
"321157-MB1","E200.8","09/11/2018 17:28:00","T",NA,"initial","WQ","LB",NA,NA,1,"E200.0","09/04/2018 00:00:00",NA,NA,"ALSRNY","quant","PBW-321157",NA,10,"mL",NA,NA,NA,NA,10,"mL","7440-38-2","Arsenic",NA,NA,"TRG","Yes","N","U",NA,"U",NA,0.39,0.39,1,"ug/l","ug/l",NA,0.39,NA,NA,NA,NA,"not detected",NA,NA,NA,NA,NA,NA,NA,NA,"",NA,NA,NA,NA,NA,NA,"R1808042","ALSRNY","BLANK","WQ","LB","Lab","","R1808042","09/04/2018 00:00:00","",NA,NA,NA,NA,NA,"",NA,"NYSDEC",NA,NA,"SC",NA,"n",NA,NA,NA,NA,NA,NA,NA,"Lab"
"321157-MB1","E200.8","09/11/2018 17:28:00","T",NA,"initial","WQ","LB",NA,NA,1,"E200.0","09/04/2018 00:00:00",NA,NA,"ALSRNY","quant","PBW-321157",NA,10,"mL",NA,NA,NA,NA,10,"mL","7440-22-4","Silver",NA,NA,"TRG","Yes","N","U",NA,"U",NA,0.04,0.04,1,"ug/l","ug/l",NA,0.04,NA,NA,NA,NA,"not detected",NA,NA,NA,NA,NA,NA,NA,NA,"",NA,NA,NA,NA,NA,NA,"R1808042","ALSRNY","BLANK","WQ","LB","Lab","","R1808042","09/04/2018 00:00:00","",NA,NA,NA,NA,NA,"",NA,"NYSDEC",NA,NA,"SC",NA,"n",NA,NA,NA,NA,NA,NA,NA,"Lab"
"321157-MB1","E200.8","09/11/2018 17:28:00","T",NA,"initial","WQ","LB",NA,NA,1,"E200.0","09/04/2018 00:00:00",NA,NA,"ALSRNY","quant","PBW-321157",NA,10,"mL",NA,NA,NA,NA,10,"mL","7440-66-6","Zinc",NA,NA,"TRG","Yes","N","U",NA,"U",NA,2.5,2.5,5,"ug/l","ug/l",NA,2.5,NA,NA,NA,NA,"not detected",NA,NA,NA,NA,NA,NA,NA,NA,"",NA,NA,NA,NA,NA,NA,"R1808042","ALSRNY","BLANK","WQ","LB","Lab","","R1808042","09/04/2018 00:00:00","",NA,NA,NA,NA,NA,"",NA,"NYSDEC",NA,NA,"SC",NA,"n",NA,NA,NA,NA,NA,NA,NA,"Lab"
"321373-LCS1","E365.1","09/10/2018 15:43:00","T",NA,"initial","WQ","LB",NA,NA,1,"METHOD","09/06/2018 19:15:00",NA,NA,"ALSRNY","quant","R1808042-LCS1",NA,20,"mL",NA,NA,NA,NA,20,"mL","7723-14-0","PHOSPHORUS, TOTAL (AS P)",0.0244,NA,"SC","Yes","Y","",NA,"",NA,0.002,NA,0.005,"mg/l","mg/l",NA,0.002,NA,NA,NA,NA,"",NA,0.025,0.0244,98,NA,NA,NA,NA,"",70,130,NA,NA,NA,NA,"R1808042","ALSRNY","Lab Control Sample","WQ","BS","Lab","","R1808042","09/06/2018 19:15:00","",NA,NA,NA,NA,NA,"",NA,"NYSDEC",NA,NA,"SC",NA,"n",NA,NA,NA,NA,NA,NA,NA,"Lab"
"321373-MB1","E365.1","09/10/2018 15:41:00","T",NA,"initial","WQ","LB",NA,NA,1,"METHOD","09/06/2018 19:15:00",NA,NA,"ALSRNY","quant","R1808042-MB1",NA,20,"mL",NA,NA,NA,NA,20,"mL","7723-14-0","PHOSPHORUS, TOTAL (AS P)",NA,NA,"TRG","Yes","N","U",NA,"U",NA,0.002,0.002,0.005,"mg/l","mg/l",NA,0.002,NA,NA,NA,NA,"not detected",NA,NA,NA,NA,NA,NA,NA,NA,"",NA,NA,NA,NA,NA,NA,"R1808042","ALSRNY","Method Blank","WQ","LB","Lab","","R1808042","09/06/2018 19:15:00","",NA,NA,NA,NA,NA,"",NA,"NYSDEC",NA,NA,"SC",NA,"n",NA,NA,NA,NA,NA,NA,NA,"Lab"
"321804-LCS1","E200.8","09/14/2018 15:11:00","T",NA,"initial","WQ","LB",NA,NA,1,"E200.0","09/13/2018 00:00:00",NA,NA,"ALSRNY","quant","LCSW-321804",NA,10,"mL",NA,NA,NA,NA,10,"mL","7439-92-1","Lead",20.9,NA,"SC","Yes","Y","",NA,"",NA,0.07,NA,1,"ug/l","ug/l",NA,0.1,NA,NA,NA,NA,"",NA,20,20.9,104,NA,NA,NA,NA,"",85,115,NA,NA,NA,NA,"R1808042","ALSRNY","LAB CONTROL SAMPLE","WQ","BS","Lab","","R1808042","09/13/2018 00:00:00","",NA,NA,NA,NA,NA,"",NA,"NYSDEC",NA,NA,"SC",NA,"n",NA,NA,NA,NA,NA,NA,NA,"Lab"
"321804-LCS1","E200.8","09/14/2018 15:11:00","T",NA,"initial","WQ","LB",NA,NA,1,"E200.0","09/13/2018 00:00:00",NA,NA,"ALSRNY","quant","LCSW-321804",NA,10,"mL",NA,NA,NA,NA,10,"mL","7440-43-9","Cadmium",20.8,NA,"SC","Yes","Y","",NA,"",NA,0.06,NA,1,"ug/l","ug/l",NA,0.1,NA,NA,NA,NA,"",NA,20,20.8,104,NA,NA,NA,NA,"",85,115,NA,NA,NA,NA,"R1808042","ALSRNY","LAB CONTROL SAMPLE","WQ","BS","Lab","","R1808042","09/13/2018 00:00:00","",NA,NA,NA,NA,NA,"",NA,"NYSDEC",NA,NA,"SC",NA,"n",NA,NA,NA,NA,NA,NA,NA,"Lab"
"321804-MB1","E200.8","09/14/2018 15:10:00","T",NA,"initial","WQ","LB",NA,NA,1,"E200.0","09/13/2018 00:00:00",NA,NA,"ALSRNY","quant","PBW-321804",NA,10,"mL",NA,NA,NA,NA,10,"mL","7440-43-9","Cadmium",NA,NA,"TRG","Yes","N","U",NA,"U",NA,0.06,0.06,1,"ug/l","ug/l",NA,0.06,NA,NA,NA,NA,"not detected",NA,NA,NA,NA,NA,NA,NA,NA,"",NA,NA,NA,NA,NA,NA,"R1808042","ALSRNY","BLANK","WQ","LB","Lab","","R1808042","09/13/2018 00:00:00","",NA,NA,NA,NA,NA,"",NA,"NYSDEC",NA,NA,"SC",NA,"n",NA,NA,NA,NA,NA,NA,NA,"Lab"
"321804-MB1","E200.8","09/14/2018 15:10:00","T",NA,"initial","WQ","LB",NA,NA,1,"E200.0","09/13/2018 00:00:00",NA,NA,"ALSRNY","quant","PBW-321804",NA,10,"mL",NA,NA,NA,NA,10,"mL","7439-92-1","Lead",0.09,NA,"TRG","Yes","Y","J",NA,"J",NA,0.07,NA,1,"ug/l","ug/l",NA,0.07,NA,NA,NA,NA,"",NA,NA,NA,NA,NA,NA,NA,NA,"",NA,NA,NA,NA,NA,NA,"R1808042","ALSRNY","BLANK","WQ","LB","Lab","","R1808042","09/13/2018 00:00:00","",NA,NA,NA,NA,NA,"",NA,"NYSDEC",NA,NA,"SC",NA,"n",NA,NA,NA,NA,NA,NA,NA,"Lab"
"321830-LCS1","E351.2","09/14/2018 16:45:00","T",NA,"initial","WQ","LB",NA,NA,1,"METHOD","09/13/2018 15:06:00",NA,NA,"ALSRNY","quant","R1808042-LCS1",NA,20,"mL",NA,NA,NA,NA,20,"mL","KN","NITROGEN, KJELDAHL, TOTAL",2.32,NA,"SC","Yes","Y","",NA,"",NA,0.08,NA,0.1,"mg/l","mg/l",NA,0.08,NA,NA,NA,NA,"",NA,2.5,2.32,93,NA,NA,NA,NA,"",70,130,NA,NA,NA,NA,"R1808042","ALSRNY","Lab Control Sample","WQ","BS","Lab","","R1808042","09/13/2018 15:06:00","",NA,NA,NA,NA,NA,"",NA,"NYSDEC",NA,NA,"SC",NA,"n",NA,NA,NA,NA,NA,NA,NA,"Lab"
"321830-MB1","E351.2","09/14/2018 16:45:00","T",NA,"initial","WQ","LB",NA,NA,1,"METHOD","09/13/2018 15:06:00",NA,NA,"ALSRNY","quant","R1808042-MB1",NA,20,"mL",NA,NA,NA,NA,20,"mL","KN","NITROGEN, KJELDAHL, TOTAL",NA,NA,"TRG","Yes","N","U",NA,"U",NA,0.08,0.08,0.1,"mg/l","mg/l",NA,0.08,NA,NA,NA,NA,"not detected",NA,NA,NA,NA,NA,NA,NA,NA,"",NA,NA,NA,NA,NA,NA,"R1808042","ALSRNY","Method Blank","WQ","LB","Lab","","R1808042","09/13/2018 15:06:00","",NA,NA,NA,NA,NA,"",NA,"NYSDEC",NA,NA,"SC",NA,"n",NA,NA,NA,NA,NA,NA,NA,"Lab"
"604362-LCS1","SM 2320 B","08/28/2018 08:07:00","T",NA,"initial","WQ","LB",NA,NA,1,"","",NA,NA,"ALSRNY","quant","R1808042-LCS1",NA,0,"mL",NA,NA,NA,NA,NA,"","ALK","ALKALINITY, TOTAL (AS CaCO3)",18.4,NA,"SC","Yes","Y","",NA,"",NA,1,NA,2,"mg/l","mg/l",NA,1,NA,NA,NA,NA,"",NA,20,18.4,92,NA,NA,NA,NA,"",70,130,NA,NA,NA,NA,"R1808042","ALSRNY","Lab Control Sample","WQ","BS","Lab","","R1808042","08/28/2018 08:07:00","",NA,NA,NA,NA,NA,"",NA,"NYSDEC",NA,NA,"SC",NA,"n",NA,NA,NA,NA,NA,NA,NA,"Lab"
"604362-MB1","SM 2320 B","08/28/2018 07:37:00","T",NA,"initial","WQ","LB",NA,NA,1,"","",NA,NA,"ALSRNY","quant","R1808042-MB1",NA,0,"mL",NA,NA,NA,NA,NA,"","ALK","ALKALINITY, TOTAL (AS CaCO3)",NA,NA,"TRG","Yes","N","U",NA,"U",NA,1,1,2,"mg/l","mg/l",NA,1,NA,NA,NA,NA,"not detected",NA,NA,NA,NA,NA,NA,NA,NA,"",NA,NA,NA,NA,NA,NA,"R1808042","ALSRNY","Method Blank","WQ","LB","Lab","","R1808042","08/28/2018 07:37:00","",NA,NA,NA,NA,NA,"",NA,"NYSDEC",NA,NA,"SC",NA,"n",NA,NA,NA,NA,NA,NA,NA,"Lab"
"604475-LCS2","SM 2320 B","08/28/2018 10:34:00","T",NA,"initial","WQ","LB",NA,NA,1,"","",NA,NA,"ALSRNY","quant","R1808042-LCS2",NA,0,"mL",NA,NA,NA,NA,NA,"","ALK","ALKALINITY, TOTAL (AS CaCO3)",19.2,NA,"SC","Yes","Y","",NA,"",NA,1,NA,2,"mg/l","mg/l",NA,1,NA,NA,NA,NA,"",NA,20,19.2,96,NA,NA,NA,NA,"",70,130,NA,NA,NA,NA,"R1808042","ALSRNY","Lab Control Sample","WQ","BS","Lab","","R1808042","08/28/2018 10:34:00","",NA,NA,NA,NA,NA,"",NA,"NYSDEC",NA,NA,"SC",NA,"n",NA,NA,NA,NA,NA,NA,NA,"Lab"
"604475-MB2","SM 2320 B","08/28/2018 10:30:00","T",NA,"initial","WQ","LB",NA,NA,1,"","",NA,NA,"ALSRNY","quant","R1808042-MB2",NA,0,"mL",NA,NA,NA,NA,NA,"","ALK","ALKALINITY, TOTAL (AS CaCO3)",NA,NA,"TRG","Yes","N","U",NA,"U",NA,1,1,2,"mg/l","mg/l",NA,1,NA,NA,NA,NA,"not detected",NA,NA,NA,NA,NA,NA,NA,NA,"",NA,NA,NA,NA,NA,NA,"R1808042","ALSRNY","Method Blank","WQ","LB","Lab","","R1808042","08/28/2018 10:30:00","",NA,NA,NA,NA,NA,"",NA,"NYSDEC",NA,NA,"SC",NA,"n",NA,NA,NA,NA,NA,NA,NA,"Lab"
"604476-LCS3","SM 2320 B","08/28/2018 13:03:00","T",NA,"initial","WQ","LB",NA,NA,1,"","",NA,NA,"ALSRNY","quant","R1808042-LCS3",NA,0,"mL",NA,NA,NA,NA,NA,"","ALK","ALKALINITY, TOTAL (AS CaCO3)",18.4,NA,"SC","Yes","Y","",NA,"",NA,1,NA,2,"mg/l","mg/l",NA,1,NA,NA,NA,NA,"",NA,20,18.4,92,NA,NA,NA,NA,"",70,130,NA,NA,NA,NA,"R1808042","ALSRNY","Lab Control Sample","WQ","BS","Lab","","R1808042","08/28/2018 13:03:00","",NA,NA,NA,NA,NA,"",NA,"NYSDEC",NA,NA,"SC",NA,"n",NA,NA,NA,NA,NA,NA,NA,"Lab"
"604476-MB3","SM 2320 B","08/28/2018 12:42:00","T",NA,"initial","WQ","LB",NA,NA,1,"","",NA,NA,"ALSRNY","quant","R1808042-MB3",NA,0,"mL",NA,NA,NA,NA,NA,"","ALK","ALKALINITY, TOTAL (AS CaCO3)",NA,NA,"TRG","Yes","N","U",NA,"U",NA,1,1,2,"mg/l","mg/l",NA,1,NA,NA,NA,NA,"not detected",NA,NA,NA,NA,NA,NA,NA,NA,"",NA,NA,NA,NA,NA,NA,"R1808042","ALSRNY","Method Blank","WQ","LB","Lab","","R1808042","08/28/2018 12:42:00","",NA,NA,NA,NA,NA,"",NA,"NYSDEC",NA,NA,"SC",NA,"n",NA,NA,NA,NA,NA,NA,NA,"Lab"
"604479-LCS4","SM 2320 B","08/28/2018 17:44:00","T",NA,"initial","WQ","LB",NA,NA,1,"","",NA,NA,"ALSRNY","quant","R1808042-LCS4",NA,0,"mL",NA,NA,NA,NA,NA,"","ALK","ALKALINITY, TOTAL (AS CaCO3)",18.8,NA,"SC","Yes","Y","",NA,"",NA,1,NA,2,"mg/l","mg/l",NA,1,NA,NA,NA,NA,"",NA,20,18.8,94,NA,NA,NA,NA,"",70,130,NA,NA,NA,NA,"R1808042","ALSRNY","Lab Control Sample","WQ","BS","Lab","","R1808042","08/28/2018 17:44:00","",NA,NA,NA,NA,NA,"",NA,"NYSDEC",NA,NA,"SC",NA,"n",NA,NA,NA,NA,NA,NA,NA,"Lab"
"604479-MB4","SM 2320 B","08/28/2018 17:40:00","T",NA,"initial","WQ","LB",NA,NA,1,"","",NA,NA,"ALSRNY","quant","R1808042-MB4",NA,0,"mL",NA,NA,NA,NA,NA,"","ALK","ALKALINITY, TOTAL (AS CaCO3)",NA,NA,"TRG","Yes","N","U",NA,"U",NA,1,1,2,"mg/l","mg/l",NA,1,NA,NA,NA,NA,"not detected",NA,NA,NA,NA,NA,NA,NA,NA,"",NA,NA,NA,NA,NA,NA,"R1808042","ALSRNY","Method Blank","WQ","LB","Lab","","R1808042","08/28/2018 17:40:00","",NA,NA,NA,NA,NA,"",NA,"NYSDEC",NA,NA,"SC",NA,"n",NA,NA,NA,NA,NA,NA,NA,"Lab"
"604552-LCS1","E353.2","08/23/2018 16:34:00","T",NA,"initial","WQ","LB",NA,NA,1,"","",NA,NA,"ALSRNY","quant","R1808042-LCS1",NA,10,"mL",NA,NA,NA,NA,10,"mL","14797-65-0","NITROGEN, NITRITE",0.255,NA,"SC","Yes","Y","",NA,"",NA,0.007,NA,0.01,"mg/l","mg/l",NA,0.007,NA,NA,NA,NA,"",NA,0.25,0.255,102,NA,NA,NA,NA,"",70,130,NA,NA,NA,NA,"R1808042","ALSRNY","Lab Control Sample","WQ","BS","Lab","","R1808042","08/23/2018 16:34:00","",NA,NA,NA,NA,NA,"",NA,"NYSDEC",NA,NA,"SC",NA,"n",NA,NA,NA,NA,NA,NA,NA,"Lab"
"604552-MB1","E353.2","08/23/2018 16:33:00","T",NA,"initial","WQ","LB",NA,NA,1,"","",NA,NA,"ALSRNY","quant","R1808042-MB1",NA,10,"mL",NA,NA,NA,NA,10,"mL","14797-65-0","NITROGEN, NITRITE",NA,NA,"TRG","Yes","N","U",NA,"U",NA,0.007,0.007,0.01,"mg/l","mg/l",NA,0.007,NA,NA,NA,NA,"not detected",NA,NA,NA,NA,NA,NA,NA,NA,"",NA,NA,NA,NA,NA,NA,"R1808042","ALSRNY","Method Blank","WQ","LB","Lab","","R1808042","08/23/2018 16:33:00","",NA,NA,NA,NA,NA,"",NA,"NYSDEC",NA,NA,"SC",NA,"n",NA,NA,NA,NA,NA,NA,NA,"Lab"
"604554-LCS2","E353.2","08/24/2018 20:59:00","T",NA,"initial","WQ","LB",NA,NA,1,"","",NA,NA,"ALSRNY","quant","R1808042-LCS2",NA,10,"mL",NA,NA,NA,NA,10,"mL","14797-65-0","NITROGEN, NITRITE",0.254,NA,"SC","Yes","Y","",NA,"",NA,0.007,NA,0.01,"mg/l","mg/l",NA,0.007,NA,NA,NA,NA,"",NA,0.25,0.254,102,NA,NA,NA,NA,"",70,130,NA,NA,NA,NA,"R1808042","ALSRNY","Lab Control Sample","WQ","BS","Lab","","R1808042","08/24/2018 20:59:00","",NA,NA,NA,NA,NA,"",NA,"NYSDEC",NA,NA,"SC",NA,"n",NA,NA,NA,NA,NA,NA,NA,"Lab"
"604554-MB2","E353.2","08/24/2018 20:58:00","T",NA,"initial","WQ","LB",NA,NA,1,"","",NA,NA,"ALSRNY","quant","R1808042-MB2",NA,10,"mL",NA,NA,NA,NA,10,"mL","14797-65-0","NITROGEN, NITRITE",NA,NA,"TRG","Yes","N","U",NA,"U",NA,0.007,0.007,0.01,"mg/l","mg/l",NA,0.007,NA,NA,NA,NA,"not detected",NA,NA,NA,NA,NA,NA,NA,NA,"",NA,NA,NA,NA,NA,NA,"R1808042","ALSRNY","Method Blank","WQ","LB","Lab","","R1808042","08/24/2018 20:58:00","",NA,NA,NA,NA,NA,"",NA,"NYSDEC",NA,NA,"SC",NA,"n",NA,NA,NA,NA,NA,NA,NA,"Lab"
"605850-LCS1","D6919-09","09/08/2018 12:03:00","T",NA,"initial","WQ","LB",NA,NA,1,"","",NA,NA,"ALSRNY","quant","R1808042-LCS1",NA,0,"mL",NA,NA,NA,NA,NA,"","7664-41-7","Nitrogen, ammonia (As N)",0.506,NA,"SC","Yes","Y","",NA,"",NA,8e-04,NA,0.005,"mg/l","mg/l",NA,8e-04,NA,NA,NA,NA,"",NA,0.5,0.506,101,NA,NA,NA,NA,"",70,130,NA,NA,NA,NA,"R1808042","ALSRNY","Lab Control Sample","WQ","BS","Lab","","R1808042","09/08/2018 12:03:00","",NA,NA,NA,NA,NA,"",NA,"NYSDEC",NA,NA,"SC",NA,"n",NA,NA,NA,NA,NA,NA,NA,"Lab"
"605850-MB1","D6919-09","09/08/2018 11:46:00","T",NA,"initial","WQ","LB",NA,NA,1,"","",NA,NA,"ALSRNY","quant","R1808042-MB1",NA,0,"mL",NA,NA,NA,NA,NA,"","7664-41-7","Nitrogen, ammonia (As N)",NA,NA,"TRG","Yes","N","U",NA,"U",NA,8e-04,8e-04,0.005,"mg/l","mg/l",NA,8e-04,NA,NA,NA,NA,"not detected",NA,NA,NA,NA,NA,NA,NA,NA,"",NA,NA,NA,NA,NA,NA,"R1808042","ALSRNY","Method Blank","WQ","LB","Lab","","R1808042","09/08/2018 11:46:00","",NA,NA,NA,NA,NA,"",NA,"NYSDEC",NA,NA,"SC",NA,"n",NA,NA,NA,NA,NA,NA,NA,"Lab"
"605854-LCS2","D6919-09","09/09/2018 07:18:00","T",NA,"initial","WQ","LB",NA,NA,1,"","",NA,NA,"ALSRNY","quant","R1808042-LCS2",NA,10,"mL",NA,NA,NA,NA,10,"mL","7664-41-7","Nitrogen, ammonia (As N)",0.525,NA,"SC","Yes","Y","",NA,"",NA,8e-04,NA,0.005,"mg/l","mg/l",NA,8e-04,NA,NA,NA,NA,"",NA,0.5,0.525,105,NA,NA,NA,NA,"",70,130,NA,NA,NA,NA,"R1808042","ALSRNY","Lab Control Sample","WQ","BS","Lab","","R1808042","09/09/2018 07:18:00","",NA,NA,NA,NA,NA,"",NA,"NYSDEC",NA,NA,"SC",NA,"n",NA,NA,NA,NA,NA,NA,NA,"Lab"
"605854-MB2","D6919-09","09/09/2018 07:02:00","T",NA,"initial","WQ","LB",NA,NA,1,"","",NA,NA,"ALSRNY","quant","R1808042-MB2",NA,10,"mL",NA,NA,NA,NA,10,"mL","7664-41-7","Nitrogen, ammonia (As N)",NA,NA,"TRG","Yes","N","U",NA,"U",NA,8e-04,8e-04,0.005,"mg/l","mg/l",NA,8e-04,NA,NA,NA,NA,"not detected",NA,NA,NA,NA,NA,NA,NA,NA,"",NA,NA,NA,NA,NA,NA,"R1808042","ALSRNY","Method Blank","WQ","LB","Lab","","R1808042","09/09/2018 07:02:00","",NA,NA,NA,NA,NA,"",NA,"NYSDEC",NA,NA,"SC",NA,"n",NA,NA,NA,NA,NA,NA,NA,"Lab"
"605856-LCS3","D6919-09","09/09/2018 21:08:00","T",NA,"initial","WQ","LB",NA,NA,1,"","",NA,NA,"ALSRNY","quant","R1808042-LCS3",NA,10,"mL",NA,NA,NA,NA,10,"mL","7664-41-7","Nitrogen, ammonia (As N)",0.525,NA,"SC","Yes","Y","",NA,"",NA,8e-04,NA,0.005,"mg/l","mg/l",NA,8e-04,NA,NA,NA,NA,"",NA,0.5,0.525,105,NA,NA,NA,NA,"",70,130,NA,NA,NA,NA,"R1808042","ALSRNY","Lab Control Sample","WQ","BS","Lab","","R1808042","09/09/2018 21:08:00","",NA,NA,NA,NA,NA,"",NA,"NYSDEC",NA,NA,"SC",NA,"n",NA,NA,NA,NA,NA,NA,NA,"Lab"
"605856-MB3","D6919-09","09/09/2018 20:52:00","T",NA,"initial","WQ","LB",NA,NA,1,"","",NA,NA,"ALSRNY","quant","R1808042-MB3",NA,10,"mL",NA,NA,NA,NA,10,"mL","7664-41-7","Nitrogen, ammonia (As N)",NA,NA,"TRG","Yes","N","U",NA,"U",NA,8e-04,8e-04,0.005,"mg/l","mg/l",NA,8e-04,NA,NA,NA,NA,"not detected",NA,NA,NA,NA,NA,NA,NA,NA,"",NA,NA,NA,NA,NA,NA,"R1808042","ALSRNY","Method Blank","WQ","LB","Lab","","R1808042","09/09/2018 20:52:00","",NA,NA,NA,NA,NA,"",NA,"NYSDEC",NA,NA,"SC",NA,"n",NA,NA,NA,NA,NA,NA,NA,"Lab"
"605870-LCS1","E300.0","09/06/2018 21:11:00","T",NA,"initial","WQ","LB",NA,NA,1,"","",NA,NA,"ALSRNY","quant","R1808042-LCS1",NA,10,"mL",NA,NA,NA,NA,10,"mL","16887-00-6","CHLORIDE (AS CL)",1.98,NA,"SC","Yes","Y","",NA,"",NA,0.02,NA,0.2,"mg/l","mg/l",NA,0.02,NA,NA,NA,NA,"",NA,2,1.98,99,NA,NA,NA,NA,"",70,130,NA,NA,NA,NA,"R1808042","ALSRNY","Lab Control Sample","WQ","BS","Lab","","R1808042","09/06/2018 21:11:00","",NA,NA,NA,NA,NA,"",NA,"NYSDEC",NA,NA,"SC",NA,"n",NA,NA,NA,NA,NA,NA,NA,"Lab"
"605870-MB1","E300.0","09/06/2018 21:06:00","T",NA,"initial","WQ","LB",NA,NA,1,"","",NA,NA,"ALSRNY","quant","R1808042-MB1",NA,10,"mL",NA,NA,NA,NA,10,"mL","16887-00-6","CHLORIDE (AS CL)",NA,NA,"TRG","Yes","N","U",NA,"U",NA,0.02,0.02,0.2,"mg/l","mg/l",NA,0.02,NA,NA,NA,NA,"not detected",NA,NA,NA,NA,NA,NA,NA,NA,"",NA,NA,NA,NA,NA,NA,"R1808042","ALSRNY","Method Blank","WQ","LB","Lab","","R1808042","09/06/2018 21:06:00","",NA,NA,NA,NA,NA,"",NA,"NYSDEC",NA,NA,"SC",NA,"n",NA,NA,NA,NA,NA,NA,NA,"Lab"
"605871-LCS2","E300.0","09/06/2018 23:16:00","T",NA,"initial","WQ","LB",NA,NA,1,"","",NA,NA,"ALSRNY","quant","R1808042-LCS2",NA,10,"mL",NA,NA,NA,NA,10,"mL","16887-00-6","CHLORIDE (AS CL)",2,NA,"SC","Yes","Y","",NA,"",NA,0.02,NA,0.2,"mg/l","mg/l",NA,0.02,NA,NA,NA,NA,"",NA,2,2,100,NA,NA,NA,NA,"",70,130,NA,NA,NA,NA,"R1808042","ALSRNY","Lab Control Sample","WQ","BS","Lab","","R1808042","09/06/2018 23:16:00","",NA,NA,NA,NA,NA,"",NA,"NYSDEC",NA,NA,"SC",NA,"n",NA,NA,NA,NA,NA,NA,NA,"Lab"
"605871-MB2","E300.0","09/06/2018 23:11:00","T",NA,"initial","WQ","LB",NA,NA,1,"","",NA,NA,"ALSRNY","quant","R1808042-MB2",NA,10,"mL",NA,NA,NA,NA,10,"mL","16887-00-6","CHLORIDE (AS CL)",NA,NA,"TRG","Yes","N","U",NA,"U",NA,0.02,0.02,0.2,"mg/l","mg/l",NA,0.02,NA,NA,NA,NA,"not detected",NA,NA,NA,NA,NA,NA,NA,NA,"",NA,NA,NA,NA,NA,NA,"R1808042","ALSRNY","Method Blank","WQ","LB","Lab","","R1808042","09/06/2018 23:11:00","",NA,NA,NA,NA,NA,"",NA,"NYSDEC",NA,NA,"SC",NA,"n",NA,NA,NA,NA,NA,NA,NA,"Lab"
"606003-LCS4","D6919-09","09/11/2018 01:10:00","T",NA,"initial","WQ","LB",NA,NA,1,"","",NA,NA,"ALSRNY","quant","R1808042-LCS4",NA,10,"mL",NA,NA,NA,NA,10,"mL","7664-41-7","Nitrogen, ammonia (As N)",0.521,NA,"SC","Yes","Y","",NA,"",NA,8e-04,NA,0.005,"mg/l","mg/l",NA,8e-04,NA,NA,NA,NA,"",NA,0.5,0.521,104,NA,NA,NA,NA,"",70,130,NA,NA,NA,NA,"R1808042","ALSRNY","Lab Control Sample","WQ","BS","Lab","","R1808042","09/11/2018 01:10:00","",NA,NA,NA,NA,NA,"",NA,"NYSDEC",NA,NA,"SC",NA,"n",NA,NA,NA,NA,NA,NA,NA,"Lab"
"606003-MB4","D6919-09","09/11/2018 00:54:00","T",NA,"initial","WQ","LB",NA,NA,1,"","",NA,NA,"ALSRNY","quant","R1808042-MB4",NA,10,"mL",NA,NA,NA,NA,10,"mL","7664-41-7","Nitrogen, ammonia (As N)",NA,NA,"TRG","Yes","N","U",NA,"U",NA,8e-04,8e-04,0.005,"mg/l","mg/l",NA,8e-04,NA,NA,NA,NA,"not detected",NA,NA,NA,NA,NA,NA,NA,NA,"",NA,NA,NA,NA,NA,NA,"R1808042","ALSRNY","Method Blank","WQ","LB","Lab","","R1808042","09/11/2018 00:54:00","",NA,NA,NA,NA,NA,"",NA,"NYSDEC",NA,NA,"SC",NA,"n",NA,NA,NA,NA,NA,NA,NA,"Lab"
"606631-LCS1","E353.2","09/13/2018 10:00:00","T",NA,"initial","WQ","LB",NA,NA,1,"","",NA,NA,"ALSRNY","quant","R1808042-LCS1",NA,10,"mL",NA,NA,NA,NA,10,"mL","NO3NO2N","Nitrate+Nitrite as Nitrogen",0.513,NA,"SC","Yes","Y","",NA,"",NA,7e-04,NA,0.002,"mg/l","mg/l",NA,7e-04,NA,NA,NA,NA,"",NA,0.5,0.513,103,NA,NA,NA,NA,"",70,130,NA,NA,NA,NA,"R1808042","ALSRNY","Lab Control Sample","WQ","BS","Lab","","R1808042","09/13/2018 10:00:00","",NA,NA,NA,NA,NA,"",NA,"NYSDEC",NA,NA,"SC",NA,"n",NA,NA,NA,NA,NA,NA,NA,"Lab"
"606631-MB1","E353.2","09/13/2018 09:59:00","T",NA,"initial","WQ","LB",NA,NA,1,"","",NA,NA,"ALSRNY","quant","R1808042-MB1",NA,10,"mL",NA,NA,NA,NA,10,"mL","NO3NO2N","Nitrate+Nitrite as Nitrogen",NA,NA,"TRG","Yes","N","U",NA,"U",NA,7e-04,7e-04,0.002,"mg/l","mg/l",NA,7e-04,NA,NA,NA,NA,"not detected",NA,NA,NA,NA,NA,NA,NA,NA,"",NA,NA,NA,NA,NA,NA,"R1808042","ALSRNY","Method Blank","WQ","LB","Lab","","R1808042","09/13/2018 09:59:00","",NA,NA,NA,NA,NA,"",NA,"NYSDEC",NA,NA,"SC",NA,"n",NA,NA,NA,NA,NA,NA,NA,"Lab"
